review,sentiment
개봉영화였네ㅋㅋㅋㅋㅋㅋㅋㅋㅋㅋㅋㅋㅋㅋㅋㅋㅋㅋㅋㅋㅋㅋㅋㅋㅋㅋㅋㅋㅋㅋㅋㅋㅋㅋㅋㅋㅋㅋㅋㅋㅋㅋㅋㅋㅋㅋㅋㅋㅋㅋㅋㅋㅋㅋㅋㅋㅋㅋㅋㅋㅋㅋㅋㅋㅋㅋㅋㅋㅋㅋㅋㅋㅋㅋㅋㅋㅋㅋㅋㅋㅋㅋㅋㅋㅋㅋㅋㅋㅋㅋㅋㅋㅋㅋ,1
벌로 ㅇ,0
"빼어난 영상미, 마지막 반전에 추천",1
봐도 이점수 안봐도 이점수 쭌이형 미안...,0
"커 갈수록, 다시 볼수록 더 눈물나는 영화",1
이영화가 왜 흥행에 성공을 못했을까? 이해가 않간다는...',1
2004년도 개봉작 2014년도 개봉해서 파일다운로드 가격 10배 뻥튀기해서 팔아먹기 ㅎㅎ,0
굿 잼나요 제니퍼 샘 이쁘네요 짐은 나이가 ㅜ,1
4편까지 만들어서 망신 당하는 꼴은 안 봤으면.,0
후반이 아쉽지만 너무나 아름다워요,1
윤아가말이되나요제발다시생각해주길바래요ㅜ진짜연기자다운사람으로진짜어딜윤아가 .. .. 제발거짓말이라고해줘요,0
에단때문에 10점,1
델리카트슨이라는 명작의 감독.. 기본이상은 분명히 크게 해줄 걸작..,1
잼없었어요,0
쓰레기라는말은 이런영화에 쓰는거다 이지승이란 사람은 영화감독이 아니라 어떻게든 여론몰이해서 한탕하려는 사람같다 여주인공의 좋은 연기력을 억지스런 설정과 말도안되는상황들로 관객을 안티로 만들어버리는 저력 전국 경찰들의 사신ㅋㅋ전기도 아까울정도의 영화?,0
겨울은 춥고 영화는 썰렁하다.,0
good,0
"다운로드2천원인데,그돈마저 아깝다..극장에서 봤을 수천명의 관객의 심정을생각하며 참아야지...",0
프랑스 영화만의 전형적인 예술이 짙게 깔린 명작품~!!,1
웰메이드 영화. 흥행 놓친 거 안타깝지만 배우들 열연과 연출이 최고인 듯.,1
말도안되는 설정 말도안되는 대사들 상황들에 황당합니다. 이런드라마 방송해야하나요?,0
삼총사 정말재미있어요,1
수천명 수만명이 죽어도 상관없다 알량한 내 도덕적 우월감이 우선이니=경찰과 시민의 안전보다 연쇄살인범 강간범의 인권이 더 중요하다고 주장하면 내가 도덕적으로 우월해보이겠지,1
진짜 영화를 만들려면 이렇게 만들어야지ㅋ!!!! 진심 요즘 SF영화 죄 다 스토리도 뻔하고 삼류 쓰레기 영화라 재미없다. 87년도 꺼면 나 태어나기 전 편인데 과거꺼라 역시 스토리도 감질나고 재밌다 ㅋㅋ 줄거리가 스릴넘치고 다양하다는게 확실히 좋아!ㅇ,1
천재감독답군요...현실적인 내용에 아이들의 순박함과 슬픈마음이 더해지는 뭔가 쿵하는 느낌,1
밑에 1점준 쓰레기들중 한국영화는 죄다 10점주는 M창들 많네 ㅋㅋ,0
원작의 이야기가 배우들의 연기와 잘 어우러진 영화,1
최악의드라마 똥덩어리 그 자체이다,0
그냥그저그래네요 스릴러를너무봐서그런가??..,0
다이애나를 평민으로 만든 영화,0
"박한별 몸매만,,,,",0
돈 조낸 아꿉네,0
재생시킨 내가 바보다.,0
음 이건 공포가 아니라 개그임 ㅋㅋㅋ,0
말이 필요 있나?,1
꼬마가 귀여운 것 빼면 별로인 영화,0
잔잔하고 재미도 있어서 좋았다,1
"동화같은 영화, 순수한 사랑, 내 기억속에 깊이 남아있어 6년만에 찾아 본다",1
정말 감동적이고 가슴 한켠이 고향의 향수로 가득 채워지네요~~지금 이순간 우리집 가고싶다,1
슈스케도 이제 끝났네 ㅋㅋ 다른 프로그램 찾아보라 이제 빠질 단물 다빠짐 ㅋㅋ,0
정말 제미있었어요 최고!,0
귀신분장이나 울음소리는 지금 다시봐도 무서울걸? 요즘 감독들 보고 반성 좀 하길..,1
개노잼..차라리 아놀드행님 토탈리콜이 더 꿀잼,0
이 감독새끼 죽여버려~,0
드라마로서만 잘 보고있습니다 정말 재미있네요,1
담배피고 놀고먹다 끝나는 영화,0
와... 정말 평점남기기 위해 생에 첨으로 로그인 해봅니다. 개인적으로 B급으로 불리는 영화를 좋아하는 편인데 이건 B급이 아니라 폐기급이다.,0
할말없음 .학교에서봤었는데 애들이 보면서 야유함난 차마 안봤음.,0
쇠맛의 역묶음질.,0
웃감ㅎㅎㅎㅎ말도 안되지많ㅎ,1
진심 추천.. 꼭보셔야되요,1
"난해하지, 어렵지, 뭐가 뭔지 모르지, 새드 엔딩 같기도 하고 해피 엔딩 같기도 하고.",0
3천점은 주고 싶은데 10점이 끝이네,1
너무 실망작 이네요... 선전은 재미있게봤는데..,0
내용이 전혀 연관이 안되고 연출도 개판이다어떻게 이렇게 못만들수가있나,0
최고 ㅠㅠㅠ,1
아니미친 강풀의원작이면 당연히재밌어야지 이런평점이말이되다니,1
강주희..정말 뷰티풀.....!!!!,1
소름끼치도록 완벽한 드라마 ㅜㅜㅜ 슬프고 짠했습니다.,1
스릴러라기 보단 냉소적인 드라마,0
이정도면 풍족할 볼거리 액샨 캐스팅 아주 재미있다. 나름 감독 약빨고 만든 영화,1
별로 안 무섭다,0
케이트 최고다 전투씬을 기대하고 봤는데 전투씬이 없어도 빠져들었다 민족적 우월성? 우리도 선덕여왕 드라마 있지 않았나? 어디나 위대한 역사는 있다,1
작위적인 전개이긴 하지만 이정도 영화면 훌륭하지 않은가?(엔리오모리케 최고),1
"잼있던데,,",1
유치한 것은 맞다.다만 가슴 속에 조금이라도 남는 것이 있다.그래서 9점.,1
기대 이하다..,0
역시 이누도 잇신!,1
조정화작가는극을참잼없게만드는재주가있는듯전작을보면알수있음김선아때매억지로봄!,0
엔딩에서 곰탱이가 뇌를 먹는장면을 이해하지 못하는자는 그냥 초딩일뿐이다,1
연기너무잘하고요~정말재밌어요!!,1
아....내돈....,0
외롭고 공허한 도시의 느낌을 잘 담아낸 수작!! 뉴욕이 그리워지는...ㅠ,1
비행기 폭파씬은 아직도 기억나는 명장면.,1
국군포로들과 납북자들의 가족은 완전 메롱시켜버린 더러운 영화. 별 반개도 아깝다.,0
아무리 애들보는거라도 이건 좀 개억지에 심하게유치..유아용+캐릭터귀여움 덕에 3점,0
처음부터 끝까지 긴장감을 놓을수가 없네요,1
쓰레기,0
완전 스틸이아니라 아드레날린이네..,0
마지막 와즈다가 저전거를 타고 질주할때 내 심장도 두근두근 ㅎㅎ 자극적인 영화가 아니였지만 몰입하고 보게 되는 영화,1
아 진짜 안볼려고 하는데 자꾸 보고있는 나~보고있으면 열받고~~강이경 처음에는 불쌍하다고 생각했는데 이제 짜증난다 착한척도 정도것이지~~ 그만 착한척 하고 반전을 보여주시징~~,0
이런 연예인 더빙작품은 청각장애인집단 애니플러스가 좋아합니다. 차라리 더빙법제화해서 자막 동시방영(그것 때문에 성우분들의 일자리를 잃게 만듬)이나 그리고 연예인더빙을 금지시켰으면 좋겠다고 생각됩니다.,0
내가 본 뮤지컬 그리고 영화중 단연 최고! 노래도 하나도 버릴게 없다!!,1
언더씨즈2 이후 최고의 작품! 액션종합선물세트(관절꺽기포함)+몰입도100%,1
재밌게봤었음,1
코믹한영화.. 장국영의 밝은 모습을 보고싶다면 추천!,1
"절대 잊지 못 할 드라마, 마이걸♡",1
평점 첫페이지에 속지말자 제발..,0
초등학생이 각본 쓴듯... 만들다만영화 최악,0
또 봐도 좋다. 견우야~~~~,1
마치 연출을 한듯한 다큐멘터리 빵터지는 사건사고들 닌자어쌔신과 맞붙을 대박영화!,1
3D 영화 ㅋㅋㅋㅋ 펑!!,1
안나옴. 다들 이거관심있져.,0
"중국은 언제까지 일본, 한국의 아류작만 배출하려는 걸까",0
전편보다는 훨 괜찮네,1
너무 재밌게 잘 보고있습니다^^출연진 모두에게 박수를 보냅니다,1
설마 3편까지 나오는건 아니겠지?,0
마지막 장면이 영화를 살린다.. 두 아이의 순수한 사랑.. 여운을 남기는 프랑스영화..,1
최고,1
진짜 재밌음. 뒤늦게 본게 후회됨.,1
괜찬아.. 볼만해.. 너희도 봐,0
3.6,0
씨네큐브에서 본 영화중에 최악.,0
마지막에크루가탈주하는줄알앗는뎁 공주으러 가는거 진짜 폭풍감동 울고시프뮤ㅠㅠㅠ,1
내용이 별 볼일 없는 걸로 보아 원작도 짐작이 간다.,0
개같은프로 실력안좋은는어린참가자밀어줘놓고 썸띵탈락시키는거뭐냐 양현석 공감대가부족해? 박진영노래는뭐 다공감가나.. 썸띵하치는진짜.,0
내 생애 최악의 순간: 95분을 버텨라 ㅉㅉ,0
노잼....내가본 노잼 영화 베스트3에든다,0
이런데.. 글안쓰는데;; 머..광신적인믿음과 자기만옳다는생각등.. 그건 그렇다고칩시다.. 도대체 여자주인공? 그 소녀는 먼가요..? 묶여있엇으면 묶은사람도있을텐데 그소란이 일어나도 아무반응없는점이랑.. 군인어쩌구하는소리와..왜이해가안되지;;?,0
악어가 크다고해서 영화가 대작일 순 없는 법,0
스토리도 약하고 에로틱한것도 광고지 그림이 전부.,0
연기력 만큼은 최고라 할 정도의 배우들이 만남,1
아주 좋은 영화네요. 재밌어요 탄탄한 짜임새도 좋네요,1
너무 재미있고 좋네요!!필립과 아름이가 합쳤음 하네요♥♥^^,1
평점 10점준 사람들의 아이디를 클릭해보면 알바가 얼마나 많은지 알수있다.,0
"""연두 진짜 그만좀울자. 박광현 연기왜케 어색하냐. 할머니앞에서 무릅꿇고 말할때 어색한느낌의 말투/발음 그리고 미꾹에서왔다고 이마에 손올려 경례하는 재스쳐 .. 너무 부자연스러웠다. 하나더 강하준도 """"오빛나 힘내세요 하준이가 있쟎아요 """" 이건아니다.""",0
좋은 배우 좋은 영화....,1
머냐이게,0
욕이 절로 나오는 쓰레기 영화,0
최고다 가장 기억에 남는 영화,1
오랜만에 현실적인 사랑의 한편의 영화를 본거같아 기분이 좋습니다 ㅋ,1
아름다운 영상을 위한 인간 노력의 결정체,1
남들이 뭐라하건 내가 스스로해내면 되는것이다...ㅎㅎ,1
마지막 미사일 쏘는장면에서 웃다가 콧물흘렸다.. 코미디 영화로써는 10점만점 ㅋㅋㅋㅋㅋㅋㅋ,0
지나친 플래시 백과 안이한 수사 시퀀스. 영화막바지에 구도가 잡히면 뭐하나?,0
"이게왜,, 100점",1
이 배우들이 왜 이영화에 나왔을까...,0
아이들이 보면서도 너무 시시해 했음 너무 유아대상의 만화였음,0
평점 너무 낮다.재밌더만.,1
골보고 나서 바로 이영화 봤는데... 실망이 많이크다..,0
이 영화 어떻게 하면 볼 수 있을까요?,1
제자의 삶을 살기를 다짐하게하는 영화였습니다.목사님의 가르침을 기억하겠습니다.,1
살다살다 쓰레기같은영화 처음보네요 왠만해선 욕안하고 좋게보는데OOO 이건아닌듯,0
평점 높게 준 사람들 댓글목록 확인해보세요. 다 이 영화 하나밖에 댓글없습니다. 알바인거죠.영화는 진짜 쓰레기수준입니다.,0
이건 아니잖아.............................. 심심... 지루..,0
영화가 길어서 조금 지루한 것 빼고는 괜찮았다. 감동적이지만 우리나라 정서로는 이해 안되는게 3명의 형이 전사했더라도 한 명의 일병을 구하도록 하는 명령. 이런 명령을 내리는 정부와 라이언을 구하려는 병사들이 대단하다고 생각함.,1
폴란데비가 자랑스러웠습니다.,1
휴잭맨의 매력만큼 맥라이언이 리즈시절 만큼의 포스를 냈더라면 좀 더 매력적인 작품이 됐었을텐데,1
영상미와 아름다운 사운드트랙. 풍부한 감수성과 시적 아름다움. 터부에의 도전.,1
10점 준다. ㅋㅋ,1
전 초딩인데도 재밌게 봤음..... ㅋㅋ 김선아 짱~!!!!!!!!,1
영화보고 이렇게빡치는건처음인거같네ㅋㅋ올레티비 천원으로 반짝할인하길래 내용읽어보니까 뭐 상처받은사람치유를위한영화라길래 기대하고틀엇더니. 완전빡친다 답답하고 속터지고. 이거볼까하는분들 마음안정찾으려고 트는실수하지마시길 아오 쓰래기영화,0
첫사랑이 떠오르는 아련한 영화,1
코메디 답게 격투씬에서 웃겼다. ..,0
참 감동적인 작품... 인간이라는게 어찌나 밉던지,1
자크 반 도마엘 실망했수다,0
세상에 ㅋㅋㅋ 이거 예전건데 ㅋㅋㅋ 근데 아직도 평점을 달고 있어 ㅋㅋㅋ 뭐가 소름이 돋는다는거야 ㅠㅠ 왜이래 다들 ㅠㅠ,0
코미디 영화 네요 보면서 많이 웃었어요,1
백진희 왜이렇게 비호감이지ㅡㅡ,0
그냥저냥한 영화네요 남주 몸이 좋았다는 것 빼고는 장점이란게 없다라고 봅니다,0
미래세계에서 sf 영화가 정말 발전이없는걸 우려한 영화제작사들이 sf 영화의 전설인 제임스 카메룬 감독을 과거로 보낸듯..도저히 1991년도 영화라고 믿겨지지않는다. 진심 미래에서 온듯,1
재밌을 거 같아서 가족이랑 봤는데 대역죄인마냥 계속 사과하게 만든 영화...하...,0
걍 호구들을 위한영화 삥뜯는거 조심,0
"요즘처럼 표값주고 영화관가기가 걱정되는 개판영화가 많은 시대에 생각해보면 충분히 긴장감있는 액션영화입니다. 어릴때 정말 재밌게 본 기억이 나네요,, 하 시간빠르다.",1
참 지루하게 못만들엇다...멜로좋아하는 스타일이 아닌지라....배우가 아|깝다는 생각이든다.,0
깡마른 영양실조환자가 푸시업 몇번하고 가오를 잡는 꼴.,0
재밌게 잘 보았습니다.,0
"시간 잘가고, 몰입되고 괜찮은데 뭐 ...반전이....뭐..그렇다고 ^^",1
난별루재미도없구...별루다,0
10점,1
다세포소녀보다 낮게ㅋ,0
크리스마스 뉴욕 뭐설레지 설레는데 저런열린마인드랑 억지스런여자의운명타령... 나도운명을믿는편이지만 이건짜증남 할거다하고 그런것도찾으시고 뭐하는거지 어장아닌가싶네,0
아 ㅅㅂ 왜0점 못주냐 .. 0.5도 아까운 OO같은영화 장르는공포판타지가아니라코믹임,0
지루한 면도 있으나 전체적으론 어필하기 충분했다.,1
B1A4짱♥ B1A4의 어느멋진날 진짜 재미있어요!! 다음에도 B1A4 리얼리티 프로그램 많이 만들어주세요♥ 재미있게 보고있어요!!! 재방송도 챙겨보는중♥,1
2009 상위 1%의 영화입니다..,1
ㅋㅋㅋ 조카들 뒤집어짐,1
똥배가 나온 아줌마가 되었어도 여전히 사랑스러운 셀린느.,1
한효주 개이쁘노 ^오^,0
옛날에 tv서 봤던 잊을수 없는 영화.,1
아메리칸파이 보다 백배는 재미있다^^ 확끈하고 부럽다..,1
1때의 매력을 찾아볼 수 없다.음악만듣고싶으시면 보는걸 추천스토리 기대하지마,0
싼티에로라지만 다들 즐긴다.. 에로영화인들의 리얼스토리.. 괜찮은데 ㅋ,1
아직도 ost랑 색소폰 소리가 기억에 남는 명작...,1
"[줄거리 수정 요청] 그는 남아있던 승객들(일레인, 피터, 얀)과 함께 기차를 멈추고 죽음을 피하려 안간힘을 쓰는데...여기까지만 써야 그래도 호기심을 가지고 보기라도 하죠 ㅠㅠ;",0
이걸어떻게찍는지... 저여자 너무불쌍하네여 ...,1
내가 1등!,0
넘잼있어염,1
청와대 판타지를 만들어놨네 ㅉㅉ 친인척 비리도 언론플레이도 다 순진한 사람의 실수로 포장해놓은 아주 나쁜 영화다 청와대 홍보영화 그 이상도 이하도 아님,0
꼬리에 꼬리를 무는 재미,1
기대이상으로 재밋다 ㅋㅋ 스릴넘치고 특히 바다속에서 ㅋㅋ,1
"너무 심오하기만.. 여론몰이, 마녀사냥.. 많은 것을 다루긴 했지만..",0
노희경式 상처 치유법,1
독립영화 같지않은 완성도 배우들의 연기도 훌륭하고 감독이 주고자 하는 메세지도 좋았다,1
bad,0
허술한 스토리가 흥미를 끌지 못하는군,0
결국 우두머리가 잡히지 않아서 아쉽지만 재미있다.,1
추억이새록.........넘~~~~~좋으다보고말해 궁금하면 오백원,1
외계인에 대한 인간에 대한 고찰이 정말 좋았던 영화다. 무조건 외계인과 싸우는것만 재미있는게 아니라는 걸 보여준 영화 ㅋ,1
니네가 쉽게 평가할 수 있는 사람이 아니다 우리 룡이 형님은 걍 닥치고10점 박는 거다 알겠냐? 저런 액션과 연출 센스는 지금도 못한다. 그리고 금보형 중간에 까메오로 나오는거 봤냐 못봤냐? 소룡이형이랑 용쟁호투에서 다이다이 뜨던 형이다. 10점,1
"얼마전 장국영,임청하 주연의 백발마녀전을 보고 리메이크 된다고 해서 기대하고 봤는데, 스토리도 이상하고 1편2편 짜집기 해서 만든것 같기도 하고 하여튼 졸라 짜증났네 주연들 인물 말고는 볼거 없음. 웬만하면 이런거 잘 안남기는데 많이 실망했음",0
평이한 스릴러,0
트랜스포터 시리즈 중에 가장좋아하는 3편. 여주인공도 제일 섹시하고 아우디에 로망을 품게해준 영화,1
뭐냐이쓰레기는;;,0
최악의 영화 중 하나,0
"프레임이 맞지않았고, 영화내용이 아이맥스 테마가 아닙니다.",0
재밌어요 이현언니 연기도 너무 잘하고 내용이 너무 재밌어요!!,1
교훈:평점은 믿을게 못 된다,0
강지환 역시 영화는 영화다에서의 문란한 모습이 실제모습이였어 ㅋ 여기서도 섹스동영상 유출돼서 나락으로 떨어지더니 ㅋ 영화는 영화다가 아니라 영화는 현실이다! ㅋㅋㅋ,0
세상이 비정하다. 요즘 더 와닿는 영화다.,1
가슴 절인 최고의 로맨스 영화인거같네요,1
정말 오랜만이다 유실물과 쌍벽을 이루는 작품을 만나다니,0
시간때우기용 으로도 한참 못미치는 ..,0
한시간 보다가 지웠다. 사십평생 첨이다.,0
여성판 양들의 침묵을 기대했건만... 남는 게 없고 샬롯 람플링이 아깝다.,0
참고참고 봤지만 1시간8분째 지나니 도저히ㅜㅜ 줄리아님 기대치 최하 실망야~,0
가족간의 대화가 다소 과격하고 직설적이지만 은근히 재밌습니다!!!,1
너무 좋은영화다.. 가슴을 울리는 영화,1
"우리와 같은, 그렇지만 한계가 있는 그들의 모습에 울고 웃었던 영화 안녕, 하세요!",1
기독교 빠들이 빠는 영화. 좋댄다 ㅋㅋ,0
사람은 언제 어떻게 죽을지 모르는 유한한 존재. 살아 있을때 후회가 없도록 잘 해주어야 하지 않을까?,1
경호원들은 밖에 무장병력이 많은거 알텐데 거기에다 딸랑 권총들고 닥돌하는거보면;,0
홍경인 오랜만에 보니 반갑습니다,0
시간때우기로는 그냥...근데 여주인공 너무 삭았음..아줌마인줄알았는데,0
그냥 쓰레기. 재미두없구 그렇다구 그닥 야하지두않구 ㅋ,0
약10년이지나고이제서야이영화를봤지만대박임.실화바탕이니완성도높고쩔었음ㅎㄷㄷ,1
나도 이거 보고 장동민 팬됐음... 개멋진 놈이었어,1
가출-살인-불륜-납치감금-테러- 자살로 이어지는 극단적 탈선영화,0
요즘실력도없는아이돌들을드라마시키고더OO키고이게문제임졸라잼없음,0
비장미와 유머 스타일리쉬한 화면의 환상적인 조합,1
전부 쓰레기들인데 서로 쓰레기라고 욕하는 영화,0
지 맞춤법이나 맞추고 이야기하쇼 ㅋㅋ 평점 10점 미개수준 ㅋㅋㅋ,0
정말 지루했던 영화,0
근래 본 영화중에 젤잼다,1
진짜 재미잇어요,1
감격시대 요즘 재밌게 너무 잘보고있고요 ㅋㅋ 저는 김현중♥진세연 커플 잘됐으면좋겠구요 그리고 김현중씨의 멋진 액션 기대중입니다~,1
낚여서 들어와버렸잖아요,0
이것도 재미가 없구나.,0
류승용의 탄탄한 연기력을 보여주는 영화.마지막에 눈물 펑펑 쏟게 해주지만 행복하지 않지만 행복한 기분,1
별점주기도 싫다 0점은 없나.,0
애들아 극장가서 돈주고보고 평점줘라 쓰레기 집에서 불법다운하지말고,1
지금 보니 어른이 아니라 부사장이 되는 게 진짜 판타지,0
Good~,1
1편을 본후에 생긴 기대감을 충족시키고도 남은 작품. 더커진 기대감은 3편을 향한다.,1
"""우회적비판..그저 객관적으로 한 소년의 꿈을 냉소적표현으로 그리고 있다고 생각합니다.과거의 역사를 정당화 시킨 장면도 없었던거 같고,일본은 결국 파멸한다라는 내용이 사실 여러번 등장합니다.여튼 전 재미있었습니다.'일본이 근대국가야?""""라는 대사가~""",1
도데체 뭘 잘만들고 재밌다는건지 댓글에 완전낚였음...,0
아무 생각없이 봤는데 재밌어요~~^^,1
음... 킬링타임용 이라 해야하나,0
또라이는 곁에두면 안된다.,1
솔직히 말하겠습니다. 후레쉬맨보다 더 못한 영화 입니다... 정말 충격!,0
감독~ 비디오 빌려 보던 시설이 그립지?,0
솔직히 스킵안하면서 본 영화는 13년들어서는 처음인듯. 마지막이 뭔가 아쉽다 드라마로 나오면 좋겠어요,1
"최악의 스타워즈, 애니메이션 영화 스타워즈 클론전쟁보다도 재미없음",0
연기력이...,0
그녕본다그냥보고있다그냥봤다,1
뚝 떨어진 재미와 퀄리티,0
암....암 걸릴거 같다,0
역시 홍감독스런 영화,1
그럴듯 해보이지도 않아..,0
흠...이 작품을 모르는 사람이 많다니..대작중의 대작,1
두 배우가 연기하느라 애썼다. 곳곳 명대사 덕에 속상한 마음이 좀 누그러졌음_.,1
정말 보면 안됀다. dayb****님 말씀에 전적으로 동감한다. 쿡티비로 4천원 주고 봤는데 후회됀다. 알아보고 볼 걸..,0
진짜좋음 내인생의 최고의 영화,1
어쩌라고,0
진짜로 ..졸잼^^ 꼭봐야하는 영화.강추,1
항공사에대해서 새롭게 알게됬고 소소한재미와 감동까지,1
니미~!!별하나도아깝다...!!!!,0
소름끼친다,0
진짜너무너무재밌어요 특히오늘꺼대바악,1
정말 재미있고 볼만했는데,1
촌사러 이상한영허ㅏ 짜증남,0
먹먹하고 잔잔하고 여운있다ㅠㅠㅠ,1
와우!!이건 봐야해!!,0
아직도 이런 대작을 접하지못한이들이 잇는가....?말이필요없다 2시간40분이 짦게느껴질정도로 그야말로 대작!!,1
결과는 약간 허무 했다~하지만 콜린퍼스 짱조아~!!배우들 연기나 구성도 괘아낫고~~,1
너무너무 감동적이에요..~!,1
???,0
아이엠옴티머스프라임,0
평점순위 최소인원 설정 좀 해봐요.. 쫌,0
인생의 아픔이 있었기에 그의 음악이 존재했다.,1
사회적 문제를 유쾌통쾌 담담함으로 그린 영화 최고다,1
평점이 생각보다 낮아서 10점. 이건 9.7은 되야 된다고 생각합니다..,1
라스트씬은 괜찮았다.,0
이 유명한ost들이 다 여기에서나온거구나ㄷㄷ비디오게임캠패인다깬듯한느낌?ㅋㅋ미니보스깨고 최종보스까지 꿀잼허니잼,1
이거 다시 재개봉했으면 좋겠어요ㅠㅜ 이런명작이 어디또있을까요.,1
"음...장애있는 형과... 할아버지의 오해된 선행, 그리고... 군대에대한..ㅎㅎ 하지만 개인적으로 군대갔다오는게 낭비라고 생각되지않습니다, 그러면 지금 까지 다녀온사람들은 뭐 개똥입니까? 그냥 다녀오시길^^",1
매우 많이 시끄럽다..,0
무섭지도 흥미롭지도 않은 공포영화라명한 영화,0
그저 생존을 부르짖었을뿐인데 대명천지에서 벌어진 잔혹한 화형극. 5년이 지나도록 정부는 침묵하고 살인을 승인한 자들은 승승장구하고있는것이 지금 대한민국의 현실.,1
아역들의 연기는 휼륭하였으나.. 뭔가 심심한 영화,0
주옥같은 곡들이 많이 나와 좋았고 전기 영화로서 독특한 연출 방식도 신선했다.,1
한 남자의 인생을 되돌아보게 된다. 배우들의 연기도 좋다.,1
뭔가 그냥지루함....,0
최고의 의학드라마..♥♥♥,1
너무너무너무재밌었어요,1
난2등이라 2점 ㅋ드립니당,0
이건 심했다,0
가스미가 뭉크리 뭉쿠리,1
개연성도 없고 액션은 쌍팔년도도 내가 이걸왜보고싶고내시간 돌려줘 진짜 머 이딴영화가 다있노 진심 시간낭비하지마시길...,0
브라보~,0
다시봐도 최고!,1
"꿈을 꾸고,, 나온 듯한, 아직도 환상 같은,",1
스케일이 그리 크지는 않지만 재미는 다크나이트급,1
신의 이름을 빙하자여 가장 나쁜짓을 많이 한 게 예수 믿는 넘들이다!,1
재미도없고 웃기지도않고,0
좀더 계속 낮춰볼까요 우훗.,0
이런 식의 공포물은 별로,0
영광이다,1
꿋꿋하게 인생을 살아가는 사람들의 희망적 이야기.,1
희귀동물을 보호합시다.,0
진짜 독립영화보다 등장인물들 빼고는 다구렸다. 웃기려면 엄청 웃기던지 짜맞추기식 스토리전개 핵노답 제작비가 진짜 없던건지 칠칠켄터키 광고는 오지게해주시고..뭐 이것저것 이영화 저영화에 다생각나게끔 하는장면들연출 그러나 하나같이 어설프다.결론은 핵노잼,0
나도 욕나오는...,0
와...이거 진심 추억...완전 재미있었는데....테이프 너무 돌려봐서 테이프 버렷다...,1
흥행에 성공하진 못했지만 정말 무서웠다,1
귀여운 애들 다 지들 소속사 데려갈라고 오디션하냐? 그럼 회사가서 오디션보지 ;; 왜 대한민국사람들이보는 앞에서 이렇게 하는거지 솔직히 노래아니고 얼굴이랑 나이로 뽑아놓고 가능성 타령만 하자나,0
이건 다시봐도 재밌다 나머지시리즈는 다재미없지만,1
몰입도 좋고 몇가지 반전도 괜찮았음 ..수작,1
좋았어요~,1
또하나의약속....,0
"평보고 DVD사서 봤는데..배우들 발연기,허접한 리얼리티와 스토리..아래 평에 낚였다",0
굿굿 재밋음~뭔가 종합선물세트를 받은 느낌이랄까..?,1
마지막에펑펑울었음...공포속에숨겨진비극..그리고모성애..,1
불만제로 별점 테러 노답이다 진짜ㅋㅋ 그 동안 대기업을 상대로도 부당함을 소비자에게 알려준 멋진 프로그램...폐지안했으면ㅜㅜ,1
한희정과 신세경 좋아해서봤는데.. 이영화를 만든 목적 자체를 모르겠어,0
"진지한 감동, 차가운 역사",1
처음아역일땐 재밌었는데 윤수완 구혜선 윽박지르면서 질질짜는모습 정말 질떨어지고 보는내내 욕나올거같았다 말도안되는걸로 시간벌려고하고 ㅉㅉ 참 못만들었내요 솔직히 구혜선 윽박 울보 감성팔이 땜에 싫어지려합니다 지겹다진짜,0
나영희 발견,1
★슈퍼스타K2 허각 우승★ 축하,1
죽기직전의 마지막 탈출구. 그리고 깊게 들이마시는 숨.,1
와 좋당.....,1
이제 홍콩영화를 그만 봐야 할 때가 되었나? 어라. 이건 중국 영화네... 음...,0
재밌던데,1
전형적인 저질영화,0
"카메라, 색감 다좋은데~ 내용은 OOO~~",0
OO 이게 뭐시당까,0
지루하고 재미도그닥...차라리 뱅크잡이 나음,0
"'저들은 지금 무슨일이 일어나는지 모를거야..'1~2%의 증시거래소,경제지식인을 제외하고는 대부분이모르고 관심조차도 가지지않는 그것.. 하지만 그것이 국가경제에 큰악영형을 미친다는것을 모른다..단지 그들은 하루의 노동후 집에서 티비를 본다.",1
와인한병준다고 엉덩이 만지라고 내미는건뭐야 도대체...,0
눈물이 별로 없는 나에게 첫눈물을 흘리게 만들어주었다...,1
끝까지 진짜 가짜?만 생각하게 한영화 특이성은 있지만 답답한 영화 시작부터 답답한영화,0
연기가 좀 그렇네요...,0
친일파 새키들에게 권한다. 강츄,0
굿,1
너와!나의!연결!고리! 이건!퍼즐!조각!영화! 알고!보면!괜찮!은데! 재미!하나!없는!영화! 이건!너와!나의!고리!,0
핵대중보단 낫다 아이가?,0
자식들도 짜증나고~~~견미리는 더 짜증나고~~~,1
"엄태웅,김영철,최민수등 이렇게 최고급, 초호화스러운 재료들을 가져다가 만들어낸다는게 이런 쓰레기 요리라니...... 이것도 능력이라면 능력이다.",0
"""""""마다가스카+니모를찾아서"""" 완전히 넥슨이구만;;""",0
원작과 비교할 필요가 없는 영화다.,1
내생에 실제로 김민종형 한번은 보고 싶다 정말,1
"전 평점이나 리뷰를보고 기대를안했던터라그런지 한국 공포영화치곤 연출,시나리오 특히나 믿고보는배우 김혜수연기..다좋았습니다. 지루하지도않았고 던개도 루즈하지않고 볼만합니다 전 추천 꾹 이요",1
아진짜.... 재미없더 돈주고 보기아까운 영화임 마지ㅏㄱ 결과도 어이없음 ㅡㅡ,0
sns같은곳에 고어영화라고 설명되있는게 참으로 안타깝다... 내게는 최고의 영화(단순히 잔인하기만한 영화가 아니란거),1
"너무너무 지루한 스토리, 어설픈 범인들의 행동, 포스터에 저 문구는 뭐냐? 복수를 위해 총을 든 여자? ㅎㅎㅎ",0
야하지도 웃기지도 않은 성인코미디,0
정말 노출의 화제보다 영화 안의 그림과 음악의 어올림 배우들의 무게감.. 아름답다. 감독과 배우들의 고민. 소품의 작은 배치마저도 주의 깊게 보게된다,1
"예전에 본 건데, 뭐 이정도 라는 기억만 난다.",0
최고,1
말이 필요 없네요 너무 재밌게 봤어요,1
전혀 로보캅 특유의 매력이 없어,0
"실화, 하지만 프라이멀 피어를 완전히 배낀 작품",0
박진표의 연출 클래스. 문채원만 고생.,0
어렸을때 부터 동경해온 사나이이들의 모험관을 스크린으로 완벽 재현.,1
너너무잘봤습니다딸이랑 단둘이봤네요,1
솔직히 별로다 크리스천을 떠나서 발로 그린영화다,0
덜익은 중년남들과 허술한 로드무비의 조합,0
이렇게 좋은 영화를 모르고 있었다니 사람들이 눈이 없네요.,1
혜수님이 나오신다 하여 보기 시작했는데 어느세 너무 재미있어 꼬박꼬박 챙겨봤던 드라마!! 혜수님 너무 예쁘시고 연기도너무 잘하세요!!!,1
영화가 끝나고 여운이 남는건 오래만이네요~ 광기어린 주인공이 왜 그렇게 살아야하는,1
어떤놈이 과제로 내준 감상문 하면서 이 영화를 쓰레기라고 하냐,1
이렇게 재미없는 애니는 처음 ..역사왜곡 한 애니라는데 나는 너무 재미없어서 십분보고 껏다 지루하고 잠오네,0
너절하다는게 바로 이따위 영화를 두고 하는 말이다.,0
"mbc아침드라마왜이래요ㅡㅡ 사랑했나봐 잘났어,정말 내손을 잡아는 아이문제가 항상있고 악역들은 고래고래 소리만 지르고 그게무슨 악역이고",0
진짜..뭐냐 민국이나 지아는 더빙 더이상시키면안되겠네 더빙이 얼마나중요한데 이런애들을시켜데뷔도안한애들을 연예인이해도 뭐라고하는판에,0
추측성기사로 선동하나?,0
아버지의 반의 반도 못 미치는 연출력,0
완전재밌게본기억이 ㅜㅜ,1
나참 어이가 없네 누가 평점 올렸어 !!!!!!!!!!!!!!,0
개봉하자마자 극장가서 보고 펑펑울고 나왔었는데오랜만에 다시한번 또 보고 펑펑 울었습니다.정말 제 인생 최고의 영화인것같네요,1
전반적으로 지루하고 조금 웃길것 같다가 말고...,0
아싸 1등,1
계속보면 느낌이 다르다,1
트랜스포머라는 영화의 진화는 곳 멸망?,0
very goooooooooooood,1
9번 교향곡 나올때는 계속 소름이 돋아서 어떻게 할수가없었다 대단한 여화이다.,1
이야 최고다 이하 설명 생략한다,1
뭔 애들영화가 전투장면만 나오냐ㅜㅜ,0
지루할 틈이 없다!!!!,1
진짜 재밋게봄...특히 남주 핵존잘 사랑합니다...,1
내 인생 최고의 드라마. 김남길이란 배우의 매력을 알게되었다.,1
정말로 아름답고 감동적인 이야기,1
우울하다. 갑갑하다. 인생이 우울하게 느껴진다.,0
시나리오및 인물설정 모두 쓰레기 전혀이해가 안된다 cg만 잔뜩잇는 빛좋은개살구,0
저도 내사랑 계속노래 듣고있어요,1
"와우,,,,,,,,,,,,,",1
긴박한 복수극을 기대했는데 마지막 복수 장면은 호러판 나홀로 집에인 줄...스토리도 없고 흥미도 없고 진짜 시간 아까운 영화 최악 최악,0
시간 아까운 영화. 질문있냐고 물어봤을 그때 혹시 1명이라도 no라고 했다면 통과인가? 너무 억지다. 그리고 무슨 질문 했으면 어쩔뻔했나?ㅋㅋㅋㅋ,0
콘서트다녀와서 3D봤는데 정말 콘서트장에 온것 같았어요 ♡,1
스토리가 따로 노는 것 같습니다. 초반엔 좀 괜찮았는데 점점..ㄷㄷ,0
일반 식인상어가 나오는 영화보다 훨씬 낫다!,1
중간까지 아빠 죽이고싶었다,1
^-^;;;,1
이런 소재로 좀더 감동을 줄 수 있었을텐데,0
이게 8점이냐...;;,0
불후의 명작입니다 꼭 보세요!,0
아놔 눈꺼풀이 침몰중이래 ㅋ 댓글이 영화보다 더 재밌어 ㅋ,0
재미있게 잘 봤어요!!,1
아로아 알고 나대라 아덴만 여명작전 모르냐??? 에휴 나라만 까면 깨어 있지,1
이게 영화냐?? 만화지...앞뒤가 맞지도 않고..ㅎㅎ,0
ㅋ아놔 진짜ㅋㅋㅋ발로 만들었냐ㅋㅋㅋ아 진짜ㅋㅋ 내가 영화 만들고 연기해도 이거보단 잘 만들것다 ㅋㅋㅋ,0
솔직히아이유연기쫌그럼 왠지드림하이의김필숙을보는것같음이제연기자들이까메오했씀,0
용가리가 차라리 낫다,0
"아싸, 5점대 진입 성공!!!",0
영화 자체에 몰입이 안된다...이선균의 코멩멩이 소리 진짜 짜증난다,0
송혜교는 웬만하면 영화 찍지 마라~! 영화 제작자 거지 만든다~!,0
장애인이든 비장애인이든 같은 생각과 걱정을 하고 있다는 생각이 들었습니다 많은 분들이 보았으면 좋겠어요,1
"내 인생에서 이 영화를 뺄수 있을까...국,초등 시절...몇번을 봤던 영화...부모님이 테이프를 숨겨놨던기억이....",1
매력적이고 재미있으나 9.6의 평점은 좀 과하다.,0
안타깝다 누군가에겐 사랑의 축복 누군가에겐 더 없을 저주 다이아몬드.,1
볼 때 마다 다른 것을 가져가요 느낌이 좋은 영화,1
전작을보고 너무 많은 기대를 한것같습니다. 한가지소재로 끝까지 이끌고가기에는 다소 무리가 아니였나 싶어요,0
고평가된 영화. 시간의 구성을 제외하면 사건들의 구성과 개연성이 굉장히 단조롭다.훌륭한 영화는 두번째에서도 감동시킨다.,0
요한슨 화보영화다 라고 보면 된다. 스토리 영화라고 생각하면 재미없다.,1
발랑까진 파티광 10대 여자들이나 볼 영화.캐릭터들이 하나같이 짜증나는 인간들에 전혀 공감안되는 비현실적 판타지무비.,0
예고편 보니까 점수주면안될정도인데 누가 당할까봐 적어둠,0
정말좋은영화네요가슴이 따뜻해집니다우정의소중함을 일깨워주는 영화!!잘봤습니다!!,1
지저분 공포.,0
알바들 다 죽어라 ㅋㅋㅋ,0
잘못 선택된 영화가 주는 병폐감.,0
한국 재즈의 역사이며 재즈가 전부였던 선생님들의 감동적인 영화!,1
자는데 영화가 시끄러워서 못잤내요,0
판빙빙은 이쁘다는거 하나만 빼고는 걍 쓰레기 영화,0
재밌는데...왜 흥행실패했을까?,1
오로라는 뭔가 신비한 느낌이들고 청순한 이미지의 여자가 했으면 좋겠는데 뭔가 각진 여자가 나와서 별로였던거 같아,0
그냥 사랑하게해주세요 가슴이 넘 아프네요,1
"'밀양'의 전도연, '여자, 정혜'의 김지수",1
작품성도좋고 멋지지만 해피엔딩이아니라슬프네요,1
"건축에 대한 가치, 그것을 평가할 수 있는 기회가 주어진 것은 큰 기쁨이다",1
아..부디 해피엔딩으로 끝나길바랫는데.. 정말 가슴아픈 영화입니다..,1
완전 재밌다 ㅋㅋㅋ,1
시간 남을때 보세요...너무 지루해~,0
"재미면에서는 1,2편 못지 않지만 설득력 부족이 좀 있었다. 그래도 시리즈 영화중에서 최고다",1
서로 생김새가 다르다 해도 하나의 가족을 구성할 수 있음을 알려주는 영화.,1
환타지 같이 공감이 전혀 안되는 드라마,0
ost 가 괜찮았음,1
하하~가슴이 먹먹해.... 인간이 인간을 무슨 기준으로 재고 편견하는지..그럼에도 현실은 편견의 도가니탕..아프다 맘이..,1
tv에서 봤는데 재밌음,1
볼만했음..ㅋㅋ,0
분하다 점수에 낚였다....,0
블라인드 시사회로 봤던 영환데 정말 흡족했던 영화. 유쾌하고 발랄함 그자체. 보면 기분이 좋아지는 류는 어떤 것들을 불문하고 가장 좋아할 수 밖에 없는 매력이 있다!,1
거장 감독님의 영화라 . 꾹참고 또 참고 보았으나 . 이 영화에서 건진거라곤 크립 가사를 처음 알게돼었다.,0
욕먹어도 당연한 영화,0
이거 실화였어?? 쓰레기같은새1끼들이 진짜로 존재하고 있었네영화 보는내내 화가났다,1
도대체 이걸 만든 이유가 뭐임?,0
8점 정도 줄려고햇더니 정치적으로 평점을 주는 애들이 있네. 영화를 영화로만 보자!,1
박중훈. 박상민 이름이 아깝다. 확 깬다.,0
코미디로만 보면 볼만은 하지만 내용이 좀 재미가 없다.,0
대박.,1
80년대 일본 경제붐에 편승하려는 일본 빠심.,0
역사너무좋아하는데 그래서항상봐요 ㅠㅠ진짜좋은프로그램인거같아요 !!,1
박시연의 연기에 야유를 몸매에 찬사를 보낸다,0
ㅋㅋ 영화는 안봤지만 5점만들려고 10점 줍니다. ㅋㅋㅋ,1
"박사 둘 포함 5명 죽이고, 파리병 남한테 옮기기 성공...GoGo 파리맨?;;",0
2004년작치고 상당히 재밌네요,1
왜 이 영화를 이제야봤을까?시나리오 좋네~ 신세계가 남자 건달영화라그렇지시나리오는 부당거래가 훨 낫네류승범은 이미 5년전에 본인이 형땜에 배우가 된게 아니란걸 증명했네이미 그전에 주먹이운다도있었지만이게짱,1
아주 좋게 잘봤다 굉장히 좋다,1
아놔 짜증나네... 트라우마 심리상담으로 이끌어가면서 뭐라도 있는듯 하더니 결국 하고있는 얘기는 딴소리.. 도저히 개연성과 흐름을 찾을수가 없다. 케이블로 본 시간도 아까움.,0
아주 좋아 90분의 짧은 시간이지만 임팩트 있고 지루하지 않고...,1
한 순간 한 순간 몰입해서 볼 수 있었던 영화! 끝난 뒤에 더 많은 생각을 하도록 하는 황금을 안고 튀어라! 어느하나 아프지 않은 인물이 없어서 더 마음이 가는 영화인듯!,1
내용이 없냐.. 최악이였음 -_-,0
후 역시 심형래,0
OO 이것도 영화냐 내가 발로 찍어도 이것보단 잘찍겠다 ㅋㅋㅋㅋㅋㅋㅋㅋㅋ,0
마누라와 공동주연.베니니의 과욕때문에 망친영화,0
진짜 명작ㅎㅎㅎ 정말 지금봐도 이만한 액션영화가 없죠. 요즘 보드워크 엠파이어 보고있는데 부세미는 진짜 멋있게 늙었네요ㅎㅎㅎ,1
때와장소를 가리지않는 쪽바리들의 담금질..재미도 뭣도없는 그냥하찮은 쓰레기..,0
개똥. 일점도 아깝다.,0
이소연 하고 윤한 좀 빼지 꼴도보기싫다 매일 태민나은 커플 정정커플 꺼만 골라보기도 힘들다 진짜,0
짜증 지데루다. 이건뭐 m아침방송과 얼마전 끝난 그래두 랑 섞어찌개두 아니구 이젠 안봐,0
차라리 <26년>을 보는게 낫겠다..,0
설마설마 했는데 역시 류수영이였어...놀라워라!,0
요즘드라마는 누가더막장이냐 얼마나더사악해지냐로내기?라도하는듯 해도너무한다너무질질끌고 답답하다대체 그종이언제볼껀데 가방에넣다뺏다은현수가짜엄마 진짜엄마랑 볼랑말랑시어머니랑 남주나는 성질나서말할것도없고연기는 에휴 반효정할머니빼고 다들 기가찬다,0
스토리에 비해 부족한 연출과 어색한 연기.. 라스트씬은 뭘 따라 하려고,0
따뜻하기는 한데 감동적이지는 못하다,0
객관적으로 전쟁이라는 것을 느끼게 해준 다큐. 감독이 의도한 것인지는 모르겠지만 전쟁의 비인간성을 뒤통수 후드려 패는 듯한 느낌으로 와닿게 해줬다. 죽은 사람이 도살된 가축처럼 느껴지고 사람을 죽이는 것을 정당화 해야만 미치지 않는 곳이 전쟁이였다.,1
"만점줄래요..임청하,장국영의 마지막장면 눈물 ㅠ.ㅡ",1
재미없다,0
제대로 KIN,0
좌좀들 이것보고 좋다잉하겠지 로류에선 좌파영화는 받지 않는랑께,0
이걸 영화라고 만들다니.. 이걸 영화라고 찍은 배우들도 불쌍하고..,0
별 생각없이 봤는데 진짜 재밌었어요1,1
평점이 넘 낮다 ㅠㅠㅠ8점은돼,1
자본주의 비판부터 미친가부장가OO지 있을 건 다있다,1
"헉 이거 뭐야 ㅋㅋㅋㅋㅋ주인공 이름 OO같네 XX키, 나OO에서 뿜었다",0
결국 이런 영화까지 나오는구나 여러분 다문화는 절대로 이로운게 아닙니다.,0
아. 이 영화 너무 아파요.,1
감동의 70%밖에 와닿지 않았지만 그래도 좋은 영화,1
방송인이 우승하니 역시 재미 격감. 마지막 게임은 특히 찝찝하고..,0
존나 한ㅋ심ㅋ한ㅋ영ㅋ화,0
보는 내내 시간아까워 딴짓한 영화. 이런 영화 처음인 듯 ㄷㄷ;;투자자들이 정말 불쌍함,0
"카메라만들이대면,그림되는,그멋진소간지데리고,이거밖에못찍어오는것도재주라면재주.",0
아이들과 보기에 정말 좋은 영화네요. 아이들에게 교훈도 주고 더불아 사는 법을 알려주는 영화.,1
아...증말 머라 할말이...,0
완전재밌게본영화에여^^저도태권도배우고있는데역OO차기가완전화려하네여^^재밌기두웃기기두하구요태권도발차기가짱^^,1
린즈링만 보이는 실패한 영화,0
내 인생 최고의 영화입니당!!,0
의리로 주식을 잃은 그분아니신가?,0
프랑스영화 느낌의 일본영화지만 오랜만에 집중해서 본 영화입니다,1
자의식과잉은 예술가에겐 독이다 .,0
"현란한 액션 없는, 그렇지만 지극히 현실적인 스파이 영화",1
레고팬 이지만 솔직히 재미가 없어서...,0
아래 먼놈의 카리스마 박정철 부잣집 도련님역인데도 먼가 어색,1
하정우 출연 영화중 가장 최악의 영화인듯,0
유치하고 산만한 영화. 1시간 20분 정도는 볼만한데 한 나머지 30분 정도는 인내를 가지고 봤음. 과장된 연기로 웃기려는 코드와는 개인적으로 안 맞는 듯,0
자신의 선택에 대한 책임... 많은 생각을 하게 했습니다...,1
좋았다!,1
채플린님 감사합니다.,1
좋아,1
이건 아니올시다~~~!,0
이게 어떻게 7점대인지 안타깝다;; 스토리 탄탄하고 볼거리도많고 재밌었는데 포스터보고 기대를 너무 안하고 봐서그런가... 같이본사람들도 다 재밌다고했는데 적자가 너무심해서 힘들겠지만 2편 너무 보고싶다! 안본사람 점수보지말고 SF 좋아하면 꼭보셈,1
신화이야기 다양한괴물들 재밋다,1
한국영화는 졸작이많다;특히 고전영화;,0
영화라고 만든거는 맛지?,0
* 그냥그냥 에로 ~~~ 뭔 사상을 담을려고 .. 치..,0
어디로 갈껀데? 가면서 생각하지 뭐..,1
재밌었는데 왜 다들 감수성이 없을까.불쌍해지네.,1
짱 재밌어요,1
내용이 조금 아니다 싶다. 출연배우들이 아깝다.,0
진부하다,0
잔잔한 감동을 주는 영화. 제 생애 최고의 영화라고 단연 꼽습니다.,1
정말로 감동적이에용~질리지 않는 영화에요~,1
전투 장면에서 과장된 장면이 있는듯 하지만 괜찮은 영화다,1
배우팝스타 재미도없음 설날 특집때 뭐 재미도없이했음?,0
기대도 안하고 봤는데 내겐 지브리영화중 최고의 감동.,1
한국 비하 맘에 안듬.,0
억울해.. 억울하다고!!,0
뭔가 잘못된 느낌의 영화,0
아무리 멋있게 그려도 폭력을 일삼고 다니는 고등학생은 좋게 보이지 않는다. 필요 이상으로 잔인한 폭력은 보기 힘들다.,0
이런 또라이 영화를 만들다니 대단하다.,0
재미없다 감동도 없다,0
우아하다는 말에 공감 ㅎㅎ,1
꼬라기 非추천 영화.... the 10th ?상실 → 상처 → 후회 → 추억 →→→ 그리움 ....삶이 당신을 必要(Necessary)로 하고 있습니까?아니면.... 당신에게 삶이 필요합니까?http://me2.do/FJtbrCiA,1
난 재밌었다,1
러닝타임이 93분에 불과한데도 지루하군,0
평점 누가 알바뛰었음 ? 아 진짜 이게 뭔 스토리야 ... 쓰레기다 진짜,0
정말 개같은 영화네요.,0
"영화평론가는 아니지만, 좋았다, 한번보고마는 영화가 아닌, 울림이있는영화",1
진~짜 재미있었어요ㅎㅎ 특히 엄마가 감전되는 장면ㅎㅎ,1
제주해군기지 반대하는 사람들까지 국가에서 지켜줘야하는가 ?보호받을 자격 없는 것들 남녀 평점 차이를 보라고? 보지들이 얼마나 감성팔이에 취약한지를 잘보여 주는 것같은데?,0
괜히 봤다는 생각만 듭니다. 바르지 못 한 인물을 우아한 방식으로 연출하는 기교와 상상도 못 한 방식으로 신체를 망치는 것이 이 영화의 주요소인것 같네요.,0
실화의힘. 감동그자체ㅠㅠ,1
허허.. 참.. 이걸왜 돈주고다운받았는지,0
각본도 탄탄하고 반전도 재미나고 역시 브라이언 드팔마식 하드 보일드 스릴러.,1
완전 최고희망fc친구들이 꿈을 꼭 이룰수 있기를?,1
진짜 감동에 덴젤워싱턴의 연기는 가슴을 파고드네요.꼭 보시길 안보신분들,1
"와, 이렇게 울어보기는 오랜만이다.",1
그냥 대학생의 졸업작품정도...단지 연예인이 만든 작품이라 대중에게 보여지는.,0
내용도 없는데 시간은 왜이리 길까요..,0
감독님 다음 작은 언제?,1
"아주 약간 지루할 뿐, 재미는 최고!! 귀여운 벌레들~ ^^",1
좋았는데...연기력도 좋았고...원작 을 잘 살리면서도 동양정서에 맞게 잘 만든 영화였음.,1
그저그런 삼류 짱께영화아 짜장면 떙기네,0
이정도로노잼영화는처음본다..ㅎ.... 이거본 후로는 딴사람들이재미없다고한영화도재밌게보게된다,0
한줄 스토리 [계약동거 무능력 남자] -> [능력 발휘 생명의 은인] 끝,0
볼만함,1
맹 나온뒤로 프로그램 안봅니다.,0
잼나요 잼나요 좀비영화,1
너무늦게작성하지만재밋엇다,1
김준평 그는 왜 괴물이 될 수 밖에 없었나?,1
재미없음 ㅡㅡ,0
영화 너무 좋았고 소희 연기도 괜찮았어요 근데 15세 관람가라기엔 많이 야해요... 야한 건줄 모르고 가족 다 있는 집에서 봤다가 민망해 죽을뻔함 그래도 영화는 굳,1
사실....너무 허접하다고 느껴지는건 사실이다.,0
첩혈쌍웅과는 또 다른 스토리...잘 만들었다...볼만하네요...^^;;,1
분노를 일으키는 멍청한 주인공들 어이가 없다,0
아이들의 순수한 사랑보다는 너무 시대적 배경에 영화를 맞춘듯,0
경박하고 촌스럽고 유치하다. 저어쥘이야~,0
"강인이 주축으로 엠버,육성재가 잘조합이 되서 방송 재밌게 잘 이끌어나가는거같아 재밌다.",1
누구에게나 생각날 때마다 한 번씩 다시 보게 되는 영화가 있을 것이다. 이 영화가 나에게는 그런 영화다. 정말 최고다.,1
머야 초딩용,0
와우 쵝오에요!! 나만 당하고 있기엔 너무 억울해요!!,1
무슨 삼류영화에 연기력 바닥인 사람들 엄청나옴 ㅋㅋ총싸우는거 보면 정말 코메디,0
최고,1
존 말코비치 내 인생을 통해 가장 사랑하는 배우.. 이만큼 존재감이 있는 사람을 본적이 없다. 말투는 또 어찌나 섹시한지...,1
장나라니까^^,1
여전한 섭소천여신..거기다 이가흔까지...2편 나름대로의 매력과 재미까지.,1
마틴 스콜세지 감독 작품 찾는데 왜 자꾸 이게 뜨는거지,0
볼만함.,1
최한철 ♡ 조민주가 좋아하셧쌉싸리와ㅓ요,0
남주가 찌질해셔 더재밋는영화,1
영화를 외치다,1
여주인공평범하게생겼음.남자배우가살림..나의 꿈은 뭘까라고 생각해보게 만든 영화.,1
인생에서 오래도록 기억에 남을 작품,1
스텝업시리즈는 매번 진화하는것 같다..,1
우악스런 공포보다는 심리적으로 조여오는 이런 공포가 훨씬 더 무섭게 느껴지는듯..,1
한개도 아까워 진짜 재미없어 뭐무슨쓰레기,0
평점이 6점일만한 그런 이유가 있다.,0
생각없이보는영화,0
귀여니는 로맨스물로 쓴건데 결국 영화장르는 코믹물이 되버린...ㅋㅋㅋ송ㅅ,1
이시대 숨겨진 명작 !!!,1
아는 그릇의 크기고 블랙코메디고 미국문화고 나발이고 한국의 김만봉씨가 미국가서 삽질하는 내용이면 과연 어떤 평점일까? 자국 문화를 풍자하기 위하 다른 나라를 얼간이로 만드는 오만함은 아무리 고상한 주제를 다루기 위함이라도 용서받을 수 없다.,0
미스터 빈의 코미디는 짧게 봐야 재밌는데...,0
스페츠나츠 형님이 제일 착한듯 ㅠㅠ,1
이것도아깝다 ㅡㅡ 돈 개아까움 ㅋㅋㅋㅋㅋ 잤음,0
정말 재미있게 본 영화,1
"""영화 속 캐릭터를 연기하는 배우. """"배우""""라는 부담스러운 시선을 감수하고 다큐멘터리에 용기내어서 출연한 배우들에게 우선 박수를 보내드립니다. 그리고 그녀들만이 가지고 있는 고유한 색깔들, 너무 흥미롭고 3번 봤지만 또 한번 더 보고 싶은 그런영화""",1
재밌긴 한데 윤시윤 너무 어려 보임ㅋㅋㅋㅋㅋㅋㅋㅋ,1
대표적으로 과대평가된 미드 중 하나. 티비에서 방영될 당시에도 재미없게 봤음.,0
"최고의 텍스트, 최고의 배우들. 그중에서도 엠마톰슨은 군계일학.",1
추운 겨울 오랜만에 사랑스럽고 따뜻하고 잔잔한 감동을 느낄 수 있는 좋은영화입니다,1
전 아내 먼저 하늘에 보내고 혼자 딸키우고 있어요참 이드라마 보면서 우리딸이 잘못될까봐 걱정이 많네요 일드 패러디라도 어느정도 내용을 건전히 해서ㅁ만듭시다,0
OO같은 편집에 이어지지 않는 내용구성.. 적극비추 알바에 속지마셈,0
기분나쁜 분위기 하나만 즐기자면 좋군..,0
"신기태딸이 강서현이고, 사산했다고 했던 형사딸이 뒤늦게 깨어났는데, 형사 부인이 신기태딸을 데리고도망갔고 병원에서는 일이 커지는 것을 막으려고 뒤늦게 깨어난 형사딸을 신기태딸로 둔갑시키고 형사 친구가 그아이를 입양해서 강이현으로 키운게 아닐까요??!!",0
톰하디 좋아해서 봤지만 이건뭐 지이이이인짜 겁나 재미없다!!!! 내용도 거지같고 결국은 아내 집 직장 다잃는걸로 끝이라니ㅋ 내 아까운 1시간반....아 진짜 괜히봤어.... 도데체 어쩌라는건지 모르겠음,0
이것이 슈타인즈 게이트의 선택이다.,1
최고죠...도박영화 중에 지존무상과 도신은 최고죠!!!,1
밤에잠안와서보게됐는데보석같은영화.,1
남매의 순수함과 따뜻한 마음이 영화 내내 미소짖게하는 감동을 준다,1
주인공의 절박한 심정이 무엇보다 와 닿았던 영화.,1
꺼져 슈발름아,0
너무재미있게봤습니다.,1
장난감으로 전쟁무기를 만든다는내용이 현대사회의 살상무인로봇을 예견하고 만든것같아 섬뜩한영화. 재미도있고,1
연결고리의 비약/맥없는 긴장감/상투적 인물설정 - 뻥튀기였다.,0
진짜 재미없습니다.가족영화로는 딱이지만 이야기 전개가 재미 없게 만들었네요.,0
나만 죽을수 없다...완전 재밌음...손발이 오글오글...,1
여러가지를 생각하게 하는 영화였습니다^^,1
시즌 2 최고의 대사 아나 10원짜리 인생 ㅋㅋㅋㅋㅋ,1
미치겠다 엉엉 영화보믄서 언제끝나냐 기다린건첨이네 70년대 영화만들었냐 내4000원 ㅠㅠ,1
ㅋㅋㅋ 주성치 너무 재밌어,1
아... 별로...내용은 있는거 같은데..빨리 감기로 본 영화 ;;,0
한개도 주기가 아깝다 이런 영화 돈 낭비인듯,0
간만에 좋은 영화 잘 봤습니다,1
괜찮다. 특히 결말이 좋았다.,1
"커다란 일장기 깃대로 마지막 마루타를 찔러 죽일때 일장기에 튀는 선혈,일본의 이름으로 자행된 학살의 전형을 의미하며, 동시에 일본 여성은 아이를 낳는데 생명의 탄생과 죽음이 한 곳에 있다. 몸에 불이 붙은 쥐떼가 흩어지는것이 실제적으론 가장 잔인하다.",0
? 니들이 매주 저렇게 노래만들어봐얼마나 잘하는지좀보자10~30대가 공감할노래가..아니야?내가제일잘나가 ~~이런건 공감하냐?나는 남자없이잘살아~~이런거?ㅡㅡ무슨 개미가 똥굴리는소리들이야나안봐!!!,0
완전잼나!,1
우와..처음봤는데 진짜 감동적이네요..죽음을..받아들이는 시간이 좀 오래걸렸을뿐..현실적이면서도 너무 아름다운 영화예요..ㅎ,1
어두컴컴한 이런 분위기 너무좋아. 후속편이 기다려지네. 마이클은 어떻게 다시 살아났나..,1
미란다 줄라이의 한편의 에세이! 나의 미래는 고양이처럼 살금 살금 올까? ^^,1
감독과 제작진의 역량 충분히 봤습니다. 역시 영화 아무나 하는게 아니죠?,0
노래와 영상이 너무 좋았습니다.오랜만에 순수한 영하를 본 것 같네요~^^,1
데쓰엉,0
슬픈곳이 어딜까 라는 생각을 했는데 나도 모르게 눈물이 쏟아져 나왔고 억지로 눈물을 이끌어내려는게 아니라 정말 진심으로 눈물을 흘리게 만드는 영화같다 정말 이건 대작이라고 표현하고싶다,1
귀신역 배우가 1편에서는 예쁘게 나왔는데 2편에서 못생겨졌음 그리고 주인공 배속에서 기어나오는 장면은 감독새끼 약빨앗다는것을 알수있음 에일리언보고 따라했나보네,0
이 영화는 제 인생에 남을 영화일 듯 합니다 ..^^' 이기든 지든 주님께 영광 돌리겠습니다' 이말이 계속 맴도네요..,1
롱테이크.. 흔들~ 흔들~ 눈이 아프던.. 전 다소 지루했습니다. 옆에 분 자더군요...,0
헐이다 진정 개쓸~ 1 주기도 아깝,0
"95분이 어떻게 지나가는지도 모르고 푹 빠져서 봤다,,웃음 요소들이 많아서 지루하지도 않고 간만에 재밌는 영화 한편 봐서 기분 좋음><",1
재밌는데 왜 평점이 낮지,1
시간이 남아돌고 스트레스 받고싶어 몸이 근질근질하다면 꼭 봐라 그나마 OST가 좋아서 3점준다.,0
병맛 좋아하는 분들은 재밌어하실 만한 영화! 난 그냥 주원님이라 좋을 뿐이고.,1
영화가 좀 더 길었으면..하는 바램이..한참 재밌었는데...여주인공 손연재 님 필 나시네요~ 왜 이렇게 짧은 영화인지..^^;,1
좀 더 포장을 해주시지..,0
흠.......진정한 쿠소영화를 찾으시는 분에게 추천해 드립니다..............,0
영화 좀 봤다고 하려는 이들은 꼭 봐둬야 할 우리나라의 명작,1
팔레~! 재ㅣ밌음! ㅋ,1
남자건 여자건 간에 어찌 밀짚모자 선장님께 반하지 않을 수 있으랴.,1
이것도 영화라고\,0
"한 줄로 설명가능 여주인공 호구 진짜 소리 지르는 것만 할 줄 암 , 이 년때문에 흑형이 죽었어",0
유로트립보다 훨훨훨~씬 더 웃기고 재밌다..ㅎㅎ,1
섹드립좋아하는사람만 보면되네,1
정말 이번만은 평론가들이 ㅂㅅ같이 느껴짐,1
재미 있고 캐릭터도 매력있다.,1
오우~,1
오랜만에 사람냄새나는 감동적인 영화였다,1
중간에 나오는 명연설이 인상적이다.현실의 각박속에서 휴머니즘을 보았다.심지어 현재의 난국속에서 대한민국이나아가야할방향마저볼수있다.,1
나의 가제트를 돌려달라.,0
"특별하지 않은 특별한 사랑..이토록 말없고, 또 단순한 내용임에도 글을 읽듯 또박또박 장면들을 읽어 나가게 하는 묘한 매력의 영화. '이별연습'에서의 리첸의 울음은 내가 본 가장 아름다운 여성의 울음이다. 미처 놓친 감정을 읽기위해 다시 봐야할 영화.",1
난 그래도 태권선수들 지들 도장홍보할때 이마에서 피나는거 좀 웃겼음,1
작가는 아무나 하는구나 어쩜 항상 상상하는대로 막장으로 똑같니진짜 막장의 최고봉,0
공포영화를 보려했는데 무슨 야동을 쳐다보는 듯한 묘한 느낌이 들더니 결국은 변태스럽게 끝을 냄.. 감독 필모를 보니 스너프필름이라는 영화도 있던데.. 스너프필름을 본다면 이런 느낌이 아닐까?,0
영화가 아니라 TV애니메이션 같았어요. 큰 주제로 이야기를 이끌어나가지 못해 한 영화를 3가지로 나누어 보여주는데 지루했네요..^^,0
노잼임 한국어진짜못한다 ㅋㅋ,0
천명 최고입니다,1
신하균 지가 하고 싶어서 찍는 영화 구만 OOO 인간,0
완전 팬됫음 굳굳,1
킬링타임+수작,1
마지막까지 꾸역꾸역 보긴했는데 진짜 마지막까지 개뿔도 없음ㅅㅂ최강길드가 왠 듣보잡한테 쳐발리는것도 그렇고 좀 짜증나는 스토리였음괴물 퇴치도 어이없게 사기탬하나로 끝내고 아오 시간낭비 ㅇㅇ 영화감상평 처음 써본다 ㅅㅂ,0
누구하나 연기못하는 배우도 없고 생각해보면 별거아니엇을 주제도 너무 잘 풀어낸거같아요 잔잔하게 짜임새있는 좋은영화엿습니다 고준희 윤계상 오정세 황찬성 신지수 등등 많은 배우분들이 왜 선택햇는지 알거같아요,1
개봉날짜라도 다시 바꾸든지.. 완전 호구로 보네,0
남는게 없다,0
별반개도 아깝따 아침부터 이놈에 드라마 땜시 더화나고 일도 안되네 답답하고 짜증나고 열받네 작가야 초심을 잊지마라 솔직히 첨엔 잼나더만 이젠 시간끌기와 답답한 멘트냐 왜그니 전국시청자는 모두 감독이다 명심해라,0
영화 정말 잘 만들었다ㅋㅋ,1
읔ㅋ이게뭐야,0
여러모로 참 답답한 영화...무료 긴급 전화 911은 왜 안거는거여?...으이그~,0
쓰레기다 솔직히...,0
아무리 애니메이션이라지만 정도껏 과장하자 스토리도 쉬망 ㅉㅉ,0
감동반전이라 더 의미있었음ㅠㅠ방금봤는데 계속 슬프다,1
영어제목처럼 죽지 않는다 보고있는 동안 짜증지수는 높아갔다,0
삼류중의 삼류,0
우주에 시간여행까지 ㅋㅋ생각보다 영상미있어서 놀랐다. 뒤로갈수록 개그빵빵터지고 ㅋㅋㅋ 3D는 완전귀엽고♡♡,1
그냥 최고.,1
단순 스릴러물인 줄 알고 보면 오산! 연출 카메라워크 다 맘에 듬. 발연기로 유명한 후카다 쿄코가 이 작품에선 나름 진가를 발휘함.,1
진짜 OOO기다 번역도 쓰레기고,0
"잔잔하니 여운 남네요. 10,20년 후의 두 소리꾼을 기대합니다. 멋지게 성장하길.",1
시사회 다녀왔는데! 시간이 후다닥 지나갔어요! 많은걸 생각하게 만든 영화인거 같습니다!,1
"내가 본 007시리즈들 중 가장 최고임.그밖에 23탄 스카이폴, 21탄 카지노로얄, 15탄 리빙데이라이트, 13탄 옥토퍼시, 번외편 네버세이네버어게인, 11탄 문레이커, 6탄 여왕폐하대작전 등도 꽤 재미있게 봤음.^^",1
알 파치노에 조니뎁?..,1
내가 평점좀 올려주께. 실제여부를 떠나서 이정도면 수작이다.,1
요즘 작가들이 꼭 봤으면 하는 드라마,1
여태까지 본드라마중에 제일 재밌었다,1
초딩용어,0
송승헌 때문에 억지로 봤는데 짜증나서 끝까지 볼 순 없었다.,0
코믹연기랍시고 전반적으로 다들 오버스럽다. 특히 성동일.,0
재미잇네.,1
이거 진짜 재밌었는데 마지막 넘 통쾌 촬영장도 가봤었는데 진심 짱이다bb,1
대중적이지 않은 두뇌의 힘이 절대 필요한 영화. 굿!,1
결말까지 가는 길이 너무 지루해...,0
사랑해요!!!동물농장^^,1
불쌍하고 가엾은 은주.,0
작가미친거아니야 왜이래 상식이없자나 완전정신이상자야 어떻게세이가치 살어！,0
김동욱 화이팅!!!!,1
후속작들이 타이틀말아먹은 대표적인케이스,1
1점만들래 ㅋㅋ,0
오글거리며 생각보다 재밌다,1
재미없어 킬빌이 더 낳아 -_- 킬빌이랑 비교도 안되는구만 .,0
정말 재밋내요..굿,1
도대체 이영화가 뭐가 재밌다는 건지.. 평점 5-6점 정도가 딱 적당할 듯.,0
쓰 레 기,0
이해 불가능한 영화네,0
액션만 눈에 선해~~~,0
왕짜증첨부터 꼬박봤는데 어제 진짜 루나엄마땜에 그동안 본거 후회했음아주 루비를 죽여라 그냥저게뭐냐진짜,0
정말 재밌었습니다.^^,1
진짜 별볼일없음 여주만 욕하게된다,0
안봐서모름,0
1점 줄라 했는데 감독 이름이 나랑 비슷해서 2점줌,0
개연성 부족에 지루함까지...,0
드러나지 않는 자유로움이 진정한 자유로움이 아닐까,1
별로..,0
감독이나 그 누구라도 맥스페인 해보고 만든겨?,0
끝날때까지 미소를 잃지 않았어요,1
날로 먹을거면 똘끼라도 있던가.,0
거짓말로 빚어낸 길리엄의 또다른 저주받은 SF걸작.,1
재미없음... 기자평가와 따로노는 네이버영화,0
주인공이 불사신인거다..,1
액션이 뛰어났던 영화 좋음,1
다큐는 애들만 보는게 아니다. 유치함이 낳은 참극...,0
고양이는 괴롭히면 안되고 사람은 막죽여도 된다는 거여?,0
하도 존재감이 없는 영화라 전에 보다 만 건데 모르고 또 보려 했다. 조그만 회사에 다닌 사람들일수록 공감을 많이 할 거다. 큰 회사에서는 이렇게 수준이 낮진 않다.,0
컴퓨터 전기세가 아깝다!!!,0
아직 많이 모자르고 평범이 너무 높다,0
OOO기 영화 ㅋㅋ,0
스토리가 단순하고 올드한 저예산 영화..몇몇분의 발연기..좀만 신경썼으면 괜츈한 영화가 될 수도 있었다,0
첫 날 관객 600명 못 넘겼다더만 뭐... 숫자는 거짓말하지 않네,0
어렵다. 지루하다. 양조위때문에 봤는데...,0
"상상력이 슬픈 사람들을 예쁘게 덮어주지만, 결국 예쁘고 사랑스러워서 더 슲픈.",1
-_-달콤하긴 뭐가 달콤한가요 완전 하하하하 대박 재미감동따위없고 개판가족이야기,0
이런 영화가 진짠데 ㅜㅜ 대기업의 횡포다!,1
튀지 않는 잔잔한 영화라 생각! 괜찮네여ㅎㅎ,1
예술이 드러운 것들을 포장하는 용도로 쓰여지는 요즘 세상이 말세이다.,0
시도는 좋았지만..진짜 재미없네..,0
너무 많은 너무 다른 장르가 난잡하게 섞여있다.,0
3기 기다리다 지친다,1
"어설픈 패러디. 영어해석도 멋대로, 약간 폭력성이 있는것같다.",0
구역질 나는 프랑스 영화... 동성이나 변태소재면 작품성 오케이???,0
뇌가 없어도 감상하는데 지장이 없는 영화,0
신현준의 고군분투가 안쓰럽다,0
나왔을 당시 기대하고 봤지만 욕만 나왔던... 도데체 이영화 왜 만들었을까,0
"최소한 코딩 한줄 해본사람이라도 글을 쓰던가 IT트렌드를 아는 사람이 후기적어라, 한국판 싸이월드이고, 해외에서는 이런 서비스가 생소했기 때문에 성공한거란다. 물론 싸이가 더 방대한 컨텐츠를 갖고 있지만 한국에서는 이미 지는 이슈였을뿐이고.",0
푸하하하하하하하하하하하하하하하하,1
너뮤좋았습니다 많이만들너주세요,1
오겡끼데쓰까 부시맨!,1
굿~!,1
겁나재밌게밧는데 책은 얼마나재밋길래..;;,1
"차라리 강우석의 실미도나 태극기 휘날리며가 더 재밌겠다. 탱크의 초근접 제로거리가 무시되고, 기관총엔 독일군이나 미군이나 죄다 예광탄 달려있질 않나... 스토리가 있는 것도 아니고...",0
가족과 같은 느낌을 주는 영화 ^^,1
블렉코메디? 걍 코메딘데?,0
TV시트콤과는 다르게또 의외로 잘만들었던데,1
지원누나는 항상 몸이 맘에 들어.,1
이게뭐임 그냥 녹화나할것이지 거기다가 클라라 특집이나 하고있네 이럴거면 클라라만 보냐지 다른게스트들은 불쌍해서 어쩌나,0
흔히 말하는 달동네 사람들의 삶을 잘그린 작품이라 생각 되네요,1
영화는 머리로만 보던 나를... 마음으로 보게해준 첫 영화,1
0점은 없냐? 갑자기 한강가고싶어지네..,0
유치한대사와 진부한 상황설정.풍경이아깝다,0
작위적인 음악 영화면 혹시 어쩌나 걱정했는데 순도 100%의 맑은 영화에요,1
너무잼있었음,1
역시나 예상했던 데로 베충이들이 득실대는구만,1
썩어빠진 권위에 도전하는 평범한 대한민국국민을 응원합니다.,1
세상엔 이렇게 아름다운 영화도 존재하는군요,1
뻔한 스토리에 정신만 없음...,0
보기전 저 B급포스터에 나오는 아줌마가 보고난 후엔 누구보다도 위대해 보인다.,1
"내용, 연출, 음악... 다 부실...;;;",0
판타지와 재미 교훈과 감동 이 있어 보는내내기분이 좋았습니다 !건승하세요!^^*,1
초중반까지는 왜 장르에 스릴러가 포함되어있는지 몰랐다.,1
마지막이 석연찮았지만 그래도...,1
그래픽도 그렇고 퀄리티가 떨어집니다.,0
4,0
쵸니멋졌,1
억지로 졸음 참으면서 보다가 마지막 장면에서 정신 번쩍~~!!!,1
재미를 떠나서 그냥 어이가없다.. 이게 부천영화제를 흥분시켰다네? ㅋㅋㅋ,0
다 4점씩주네 존나 웃겨ㅋㅋ,0
이런 쓰레기 영화가 평점이 왜이리 좋은지 모르겠다 애국심 발동시키지 마라 괜히 대기업 먹여살리는 꼴 된다 그리고 왜 빵점은 안되냐ㅋㅋ,0
진 해크먼이 아깝다..,0
아악!! 내 눈!!!,0
이래서 잡영화는 보면안되..시간아깝다..,0
첫장면 나비와 마지막 장면 두더지의 결합,0
"사극 상도,선덕여왕,닥터진에 이어 재밌게 보고있음，신의 보단 백배 나음，1점주는 놈들은 알바냐?",1
sf영화이면 그 소재 자체만으로도 일단 흥미롭고 좀 엉성하게 만들었다 해도 매니아층들이 좋아할 영화가 될껀데 정말 개 쓰레기 망작 영화 차라리 우주공간에 똥싸서 둥둥 떠다니는 똥이 더러워 도망치는 스릴러물 쳐찍어서 영화만들면 이것보다 재밌을듯,0
보다가 졸려 죽는줄 알았다 너무 평범하다,0
굿 간만에 제대로댄 영화하나 건진,1
적응안됀다..,0
이것이 존맥클레인의 마지막 불꽃!!5는 도저히 못봐주겠더이다....하지만 4.0은 최고!!,1
블랙 코메디로는 최고급 수준. 평점에 낚이지 말길,1
"별로 와닿지 않는 내용, 홍소희의 애낳는 씬이 꼭 필요한가",0
어떻게 7년이 지난 지금도 이렇게 다시 빠질 수가 있지? 정말 최고의 작품이다,1
ㅋㅋㄱㅋ쓰레기영화 ㅋㅋㅋ진짜 ㅋㄱㅋ보면서 소리질럿음 ..진짜 오글토글 느끼느끼 본인은 못생겻으면서 멋잇는남자를 찾고 외모지상주의어쩌고 하면서 정작 본인은..대사하나하나 완전..별로..좋은거라곤 영화음악뿐..,0
캐스팅에서부터 돈버린티가 팍팍나는 비싼 쓰레기영화,0
딱10세이하의 정신연령이 보기 좋은 영화 같습니다.,0
와 깜짝이야 내가 보영둥이 팬인데 이런게 있다는걸 오늘 알았네허얼 주원이도 나오고 요즘 일일드라마에서 나오는 노안애도 보이고 욕실씬 봐라 완전 보영이가 딸이구만 언니란다 스폰이 누구냐 그장면 보고 잠시 껐다가 다시켠다 지금 헐헐헐,1
한국에도 이런영화가 있다니,1
한가지라도 좋게보려해도 아무것도 느껴지는것도 남는것도없어..,0
뷁!!!,0
정말 잼있어요 특이 기차역신은..야니음악짱,1
"""* 많고많은 유령영화 """"넌 내가 사람으로 보이니 ~~~ """"""",0
"탄밥에 설탕 뿌리고, 소금 뿌리고, 후추 뿌리고, 고춧가루 뿌리고, 미원 뿌리면 뭐하나? 탄밥에!!!!!",0
참 재미있었다. ㅎㅎㅎㅎ,1
당시엔 특수효과가 멋져서 봤는데 다시 보니 이건 아니다 싶네.,0
한국 막장 드라마들이 다 고전에서 끌어온 거였군,0
재미난 반전영화네욤ㅎ,1
생구라 좆쳐발라라 이게 무슨 2편이냐 ㅋㅋ,0
어메이징이 훨신 재밌다 이건 뭐 내용도 뻔하고 별로.. 약간 배우나 이런게 다 촌스럽달까,0
너무 재밌어요~~!!!!!!대박!!,1
애들 장난 하는 것도 아니고.. 신민아 때문에 +1..,0
온갖 흥미요소로 무장한 제대로된 애니메이션.,1
쓰레기 당장 접으세요 제발요,0
소설도 훌륭하지만 우리나라 배우들과 감독의 연출도 대단한 !,1
뭐하나 흠잡을 것이 없다. 최고!,1
여자 진짜 개귀엽다 ㅋㅋㅋㅋ,1
기대를 저버리지 않는군요 ㅎㅎ 잘봤습니다,1
그림이 좋은 영화,1
연기 굿,1
이런건 극장에서 봐야 더 재미있는뎅,1
2편은 사실 왜 나왔는지 모르겠다.,0
"저는 정말 재미있게 보았네요 ^^ 극적인 대반전까진 아니어도, 충분히 즐겼습니다 ㅎㅎ",1
불륜미화영화에 9점이라니...ㅠㅠ,0
멀쩡한 영화와 잘못된 홍보가 만나면 어떻게 망하는지 극명하게 보여주는 케이스.. 어떤 홍보사인지 몰라도 제대로 영화 말아먹었군 허허..,0
지루함,0
"진짜루 멋진 드라마 였어요 ,,,김영철,최수종,서인석 다 멋졌어요 .^^",1
꿀잼 ㅋㅋㅋ 역시 믿고보는배우들!!!,1
아닠ㅋㅋ 심장이 오른쪽에 있다해도 폐는 없냐? 니들은 폐암 안걸리겠네? 무적이냐?ㅋㅋ 심장 피해가면 무조건 사는줄아냐?,0
먼가 있을듯한 기대감으로 보지만 아무것도 없다. 그래서 뭐?,0
나도육사갈꺼니까만점ㅇㅇ,1
이영화를 극장가서보다니..에휴 진짜 내가 미쳤지이거랑 같은날 개봉한게 다크나이트라이즈였는데.. 두개중 뭐볼까 하다가 웃고싶어서 이걸보러들어갔는데.. 진짜 욕했다 107분동안 정색하면서봄 이런영화 만들어놓고 한국영화에 관심좀주세요 이런드립치지말자,0
"개폼,똥폼의 극치이자,허무개그의 궁극.제목마저도 코웃음치게 만드는 몇안되는 졸작",0
호러영화를 만드는데 왜 이렇게 재미없게 만드나....,0
솔직히 쓰레기;,0
별로,0
수행평가때문에 겨우겨우봣다,0
자극적이면 땡,1
너무 막 던진다。,0
겨울왕국의 거품인기를 보다 문득 이 작품이 생각나 들어와 평점을 남긴다.,1
포장 많이들 해라. 10년이 넘었는데 아직도 나에겐 끔찍한 영화였다. 극장 사람수 4명 ㅋㅋㅋㅋ 1점도 아깝다,0
이해불가 ㅎㅎ..보다가 꺼버린 건 오랜만이었어요이완 맥그리거는 대체 여기 왜 나온걸까...,0
크..당신은 내가 더 좋은 남자가 되고싶게 만들어영,1
내용 똥꼬 좋아요 내용 똥꼬 좋아요 내용 똥꼬 좋아요 내용 똥꼬 좋아요 내용 똥꼬 좋아요,0
헐~~ 여자 주인공이 80년생이었다니~~~~,0
2점 주려다가 분위기에 압도되어 1점이다,0
갈수록실망이네요..이건뭐..말도안되고이해안되는 스토리결국 돈이다라는 결론 주인공제일악녀같아요..,0
스릴러다운 분위기와 내용.....간만의 제대로된 스릴러 영화를 봤다.,1
섹스,1
졸라재미없는영화였음 ㅜㅜㅠ,0
초절정 순수,1
"제목과는 아무런 상관없는 진부한 이야기가 너무나 지루하게 펼쳐지고, 공포 영화라는 사실을 잊어버릴 정도로 무섭지 않다. 그 외의 모든 것도 총체적 난국이다.",0
아무리 객관적으로 사고를 해봐도... 이건 아닌듯...,0
무슨 영환지 도통 잠만 오는 영화,0
"좀 실망이었다 1,2,3,4편보다못한 영화로 실망적인영화였다.좀비영화였다가 이상한괴물영화로 바꿔가는것같았다.",0
이승철 멋쥐고 나현희 이쁘고 박찬욱 감독 입뽕작이라 기대되고,1
어린날에 이 영화를 보고 조윤숙이란 배우 땜에 열병을 알았다... 완벽한 캐스팅과 너무나 아름다운 배경 그리고 순수했던 그당시 모습들! 가고싶구나....,1
영 꽝 해리슨포드 요즘 완전슬럼프인가 연애하느라,0
곽현화도 노출 많았음 좋았을 텐데... 하나경은 몸매가 김혜수 저리 가라임.,0
학교 영화감상시간에 봤었는데 처음에 애들반응은 잘준비였으나 끝날때쯤엔 모두 아쉬움이 남은 표정 죽기전에 꼭 봐야하는 영화!,1
"보는 내내,80년대대본소만화를 다시 보는 기분.그것도 막혀있는 화장실안에 갇혀서...",0
짜가리 영화가 별점 존나높네 짝퉁 클라스 보소6점이나 되네,0
시간 때우기에 좋다...,0
전개가 어색하지만 유코의 매력에 빠져들게 되는..단발머리 너무 어울려..,1
"한쪽말만 듣고는 판단하기 어려우나, 자체적 매력은 10점만점에 10점",1
2.31 이야 얼마 안남았어 좀만 힘을내자,0
그냥 아이들용 이다. 어른이 보면 잠든다.,0
디즈니의 벅스라이프. 드림웍스의 개미 두 영화 모두 각각의 재미가 있으니 비교하면서 보는것도 좋을것 같다.,1
영화지을돈으로 딴거하지,0
고전명작..요즘영화랑은 다른 무언가가 있는것같다,1
이영화는 재미가없어예 할말도없어예 안무서워예,0
본진 꽤 됬는데 이거진짜 친구랑 새벽에 둘이 헤드셋끼고 보다가 오줌찌릴뻔 뱀파이어물중에 최고임;; 조쉬하트넷 연기도 지림ㅋ 뱀파이어 처들어와서 하얀 눈밭이 피범벅 되는장면이 압권,1
반전이 많아서 재밌네요. 스릴도 있고. 시나리오나 연출이 좋네요.,1
섹시하고 유쾌한 영화,1
보는내내 계속 졸았음,0
내 동생은 재밌다는데 나는 모르겠음..,0
블레이드는 정말 좋아하지만 3편 넘 하는군 스토리 개 막장이다 눈물난다ㅜ,0
tv 전기세가 졸라게 아깝다!!!,0
일식 장국같은 밍밍~~~함...!!!,0
몇번을 다시 봐도 재밌다. 좋은 풍경과 색다른 웃음이 영화를 감칠맛나게한다.,1
무조건본방사수하는 유일한드라마,1
유리 ... 순정만화 속 여주인공 같은 비교될 수 없는 청초함과 순수함은,1
인생입니다.,1
진짜 재미있어요! 실망시키지도않고 도라에몽극장판은 처음보는데 이건 진짜 재미있어요!,1
내가 줄수있는 최선의 점수,0
후대의 남을 최고의 영화,1
한효주씨가 돋보이는 영화,0
윤은혜..주지훈..너무조아~^^,1
2.22 맞추자 이기야,0
오유인들아 평점조작 쫌 그만 해달랑꼐?,0
내가 젤 좋아하는 드라맙니다..ㅠㅠ한 네번본듯ㅋㅋ,1
정말 재미있게 본 작품입니다,1
엉성하고 조잡하다 그리고 지루하다,0
조조 표 끊어서 사람 10명도 안되는 극장에혼자 갔는데 무섭긴 커녕 웃기더라,0
보는 시간이 아까운 C급 저예산 병맛,0
아무 뜻도 없이 환쟁이가 만든 영화였다면 평을 받지도 못했을 겁니다,1
"그래 이해했다. 뭘 말하려는지 알기는 하겠다. 하지만 이해 불가한 설정들로 억지스러운 상징성을 무리하게 부여해서 보는이로 하여금 상징 하나하나 일일이 해석하게 만들고, 꼭 두번 보게 만드는 이런 종류의 영화들 정말 짜증나고 매력없다.",0
하 ..진짜 재밋다 꼭보셈 마지막 ㅈㄴ소름,1
넥스트 레벨,0
장동건 비중이 병풍수준,0
보지마,0
완전 보통영화라니.. 허.. 웃기는군,1
감독 연출의 힘과 배우들의 애잔한 연기력 그저 조폭영화류이기전에 그 무언가가 더 위에있다 느껴지는 영화,1
이영활 아침 10시에해주길래 우연히 티비틀다보게됐는데 여자애가 어딘가낯이 익긴한데 설마 밀라요보비치겠어?했는데 역시나 밀라였다니 모델로 데뷔한줄 알았는데 영화토박이였구나....너무이뻐서 밀라는 아닌줄 알았는데 너무너무이쁘다밀라...근데 남자주인공변태ㅜ,0
별 하나도 아깝다는.. 밑에 10점 9점 감독 가족 친구들이냐?,0
10년이지나도다시볼거같애ㅋ,1
멋진영화,1
글쎄? 치기어린 연출엔 공감없음....곽지민 때문에 별 한개쯤 추가,0
꽃보다청춘 라오스편 너무 재밌게 보고있어요 시리즈중 제일잘만들었어요 노래도 넘 좋구요~ 앞으로도 연석호준바로 이멤버로 계속 여행 찍었으면 좋겠네요,1
참 귀여운 영화 ㅎzfz,1
선리플 후감상10자압박뒤집어져,1
봉준수-김남주 채정안-선우혁 으로 이어지면 좋겠다...용팔이랑 김남주는 정말 안돼~,1
필리핀에 외로웠을때 사랑에 대해서 아름답게 다시한번 생각하게 되었던 영화!! 그 영화보고나서 트라이서클있는곳까지 배웅해주었던 2년전 그때 그 풍경이 아직도 잊혀지지가 않네요..ㅠ 과거는 과거니까그만 회상하고 미래를 꿈꾸며 달려야지 화이팅!!,1
공유 정말 잘생겼고 임수정도 이쁘게 나오고 즐길만한 로맨틱코미디 장르가 아니었나하는 생각이 듭니다.,1
‘쌍둥이 남자와 사랑에 빠진 여자’라는 설정만 믿고 그 이상은 보여주지 못한다. 파격을 외치지만 전개는 무척 지루하고 연기는 어색하며 사랑이라는 감정도 전혀 느껴지지 않는다.,0
한국의 쓰레기 드라마 존나많다 요즘감독들 너무하다이런쓰레기 드라마만드는감독들 전부전재산다뺴앗고몰수해서나라 물가줄이는대 돈써야한다 진심,0
이래서 헐리웃이 만화를 영화화 하지말라는거다. 마블빼곤 다 병맛.,0
나름 재밌게 봤다. 물론 노튼의 약간 비열한 모습까지 멋졌다~,1
제 나이 27살. 한 10년후쯤에 꼭 한번 더 봐야 할 영화.,1
하나도안잔인하고재밌음,1
테이큰... 근데 이게 더 재밌다ㅎㄷㄷ,1
복잡한 인간사를 한 문화와 시대를 어렵지 않게 지루하지도 않게 하지만 깊이있게 생동감있게 잘 묘사한 것 같다 꽤 몰입하면서 잘 봤다,1
성동일 가난한 과거 시절얘기하는데 강호동 계속웃으면서 장난치고몰입이안된다진짜.강호동이 국민엠씨??정말 공부많이해야겠다1점도아까움,0
별로..,0
레즈비언 과 의처증이 키워드냐,0
유일하게 재방송을 본 드라마 ㅎ,1
이것도 영화라고...진짜..40자라 여기서 줄인다,0
"더럽다.,.,.,.,.,",0
다양한 장르를 혼합해서 독특한 영화를 만들고자한 시도는 가상하지만 이것도 저것도 아닌 괴작이 되어버렸군,0
이 OO는뭐 어쩌라는거,1
원작을 읽어보고 싶게 만들었습니다. 아~ 또 보고 싶다!!!,1
적절한 긴장감과 스토리! 재밌다,1
이게 왜 5점대야.. 평점조절,1
영원한 삶은 행복하지 않다,1
"네이버 평점 안 믿어서 참고 안하고 봤는데..진짜 내 시간 돌려주세요.진짜 편집은 무슨,,일본야동이 이것보단 편집이나 스토리가 낫겠내요.앞으로 꼭 네이버 평점 참고 하겠습니다. 그리니 지우지 마세요. 이연걸의 정무문을 무협영화 4.5로 평점기준",0
지루해서 앞에 몇분 보다 껐다 ㅋㅋㅋㅋㅋ,0
내가 이걸 왜 봤지...,0
굉장히 좋은 영화라고 생각한다. 아무 생각 없이 봤다가 울게 된 영화.,1
800억은~다어디로갔노~~미치것내ㅋ,0
1편보다 재밌었는데 결말이 아쉬움.. 아 모두 행복할순없나..주신이랑 조미진짜 이쁨.. 마지막에 진짜 뭔가 가슴이 찡하고.. 씨지는 그냥저냥 난 괜찮았다는..,1
완젼 귀여운 꿈틀이들 ㅎㅎ,1
진정한 사랑을 해본 사람이라면 이 영화를 좋아할 수 밖에 없다. 아기자기하고 위트 있고 참 예쁘고 예쁜 영화!,1
보는 내내 불쾌하고 계연성 없는 영화,0
엄청 재밌었어요!!김효진씨 넘 이쁘구요 스토리도 애절하고 영상미도 최고인 영화..옛날영화지만 이렇게까지 영상미가 뛰어난 영화는 처음이에요!!2편은 안나오나요??,1
아닌데? 니게왜낮지?? 네이버진짜 거품평점이다,1
좋은 영화지만 우연 설정이 너무 많다,1
zㅋㅋㅋㅋㅋㅋㅋㅋㅋ졸라웃기네 ㅋㅋㅋㅋㅋㅋㅋㅋㅋㅋㅋㅋㅋ,1
영화에 대해선 문외한이지만 한 가지 확실한 건 클로이는 절대 7점짜리 영화가 아니다.,1
이거 10점이나 9점 준애들진짜 알바임 ㅋ,0
전중학생인데 남자들이 멋져요 ㅎㅎ,1
중국영화의 수준을 뛰어넘었다.,1
모가 재밌냐 ㅡㅡ 존내재미없음 ㅡㅡ,0
아빠어디가팬이이여서 10으로달아드려용!!솔직히1이진짜~훨씬잼섰어요 준수너무너무보고싶어요...준수한번만이라도 나오게해주세요!! 예전맴버들다그립다.... 후도진짜좋아서 후나오니깐좋아요!! 후예전엔인기쩔어서 분량짱이엇는데 요즘은 민율이분량이많은듯,1
배우들의 연기가 아까운 영화..,0
다시봐도 명작입니다.,1
내생애 최고~~Bbb,1
여운이 정말 많이 남는 영화. 왜 이제서야 봤을까ㅜㅜ,1
루팡 시리즈 지겹다,0
그냥 떡밥만 막 던지다 끝나는 영화,0
더파이팅 너무좋아염,1
퀼리티 분석 쥬라기공원은 실사같음 영구와 공룡쭈쮸는 사람이 인형탈쓰고옴 ㅋㅋㅋㅋㅋㅋㅋㅋㅋㅋㅋㅋㅋㅋㅋㅋㅋㅋㅋㅋ 3살먹은 애도 저게 사람인줄 알고있음 ㅋㅋㅋㅋㅋㅋㅋㅋㅋㅋㅋㅋㅋㅋ,0
복수라는 타이틀을 달지말던가. 복수영화.느와르 영화에서는 최소한의 규칙이있어 . 전개스타일 . 슬로우느낌 . 다좋다고 근데말야 복수가 복수다워야지 . 뭐냐고 원숭이같이 생긴 싸이코패스경찰서장이 주인공이네 . 복수를 해야할 라이언고슬링은 허접때기로나오네,0
보는 내내 마음이 불편했다..그러나 모두 사실인걸...,1
"초반에는 원작인 사기를 잘 각색하였으나, 후반으로 갈수록 설득력 떨어지는 감독(작가)의 상상력이 더해지면서 산으로 가버림. 장량, 한신에 대한 해석이 그닥 와닿지 않는데, 유방이 한신 뒤통수 거하게 쳤다는 고답적인 인식을 걍 답습할 뿐이다.",0
예전에 OCN에서 이거 방영 해주길래 우연히 봤는데 스토리가 탄탄하더군요.,1
옛날에보고 다시봤는데너무너무 주옥같은 영화,1
바비한테 항상 잘해주고 볼때마다 미소를 지으며 곁에 있어준 좋은 아내인 조이스를 마지막 트랩에 불에 타 죽여서 1점... 바비 나쁜놈 왜 그런 거짓말 쳐 가지고 자기 아내까지 위험에 파트렸는지원,0
"유럽영화가 이번정부에 많이 들어와 즐겁긴하다만 그 내용들이 왜 이리 진부한걸까,,,,,,,,,,,,,,,,,,,,,,,,,,,유럽영화를 욕되게 하고있단 소리다,,",0
웃음만 나온다ㅠ제목의 의미를 이제서야 알았다.이래도..사랑만 할래?!!!,0
난 영화가 정말 재미없어서 1점줌.... 으으 아까운 내 시간,0
달리기만 보여주고 끝남,0
정말 볼만했던 영화. 완전 추천!,1
좋은 영화긴하나 밋밋하면서 느릿느릿한 영화. 총 맞는 씬은 하나같이 어설프다..조금 억지도 있는게 아쉽다.,0
평점 하락세가 장난아니네,0
정말 좋은 영화입니다. 몰입도는 정말 최고 입니다. 꼭 보세요. 후회하지 않습니다.,1
영화는 역시 배우보다 감독을 확인하고 봐야한다는 걸 깨닳았다. 여주인공은 이쁘더라. 근데 노출씬이 없더라. 혼난다 아주 그냥.,0
"죽음의고양이가 가족들을 굶주림때문에 죽인뒤, 주인공이 이리저리 끌려다니는 모습 보는게 너무 짜증난다. 자기의 희생으로 남들이 잘 살았다 이런 교훈같은데, 정말 보는내내 기분 찝찝했다. 애들 동심 깨고 싶으면 보길 바란다. 엄청엄청엄청 비추!!!!!",0
"요즘 월,화가 기다려집니다. 빅맨 볼려구요... 너무 재밌어요..조금 유치한듯 하지만 강지환 굿... 권혜효 굿....",1
영화가 아닌 연기력에 평점을 준거다오스카 남우주연상을 왜 못받았지,1
몰입해서 봤다.. 쇼헤이의 다른작품을 찾아 봐야 겠다..,1
홍은희씨 안전벨트 한것도 안한것도 아니고 이서진씨는 아예 안전벨트를 안하셨네요.,0
비추,0
처음부터 끝까지 꿀잼. 제목보고 범죄물인줄 알았는데 간첩물이었음ㅋㅋ,1
누군가는 벗어야해서 희생한 하주희씨 안타까웠어요. 굳이 필요도 없는 장면에서 그렇게 배우를 써버리다니.. 너무 배우를 아끼지않은게 느껴지네요. 좀 더 재밌게 만들던지. 오지호랑 하주희랑 러브라인을 좀 더 만들어주던지..,0
최악의 여성학대영화 여주인공 트럭위에 올리고 달릴때 경악 요즘엔 개도 차에 저렇게 태우면 잡혀감,0
성룡은 영화를 선택하는 눈을 확실히 높여야 한다.,0
이건 닌자거북이가 아니야.,0
진짜 재미있는 드라마,1
1편보다낫네요ㅋㅋ 산드라블록한테푹빠짐ㅋㅋㅋㅋ,1
실제 역사속의 연산은 혁신적인 제도개혁으로 간신들의 미움을 받은 왕이었다. 거기에 유교와 양당파로 유지되던 나라를 중앙집권적 국가로 바꾸려다 반역자들에게 당한것뿐. 일제의 식민사관적인 역사관이 느껴져 불쾌한 영화였다.,0
"""의정부사는 문승원의 출연작. 그의대사는 오로지 """"으악~""""""",0
우왕 ㅋ 굳 오예 멋지고 재밌음,1
이상하다 쫌.... 뭐가 뭔지도 모르겠다.....,0
나홀로집에와더불어 나의최고의영화..,1
재밌다,1
기대했던 것보다 최악은 아니라서 다행이다,0
"정원에 내리는 비는 평화로우면서도 슬퍼요. 엄마, 나도 그런 느낌이에요..",1
개량한복 걸친 투덜이 김기덕..,0
몇번을봐도명작이다.,1
"개연성 부족하고, 내용도 연결이 안되고, 금융권 엘리트라는 것들이 하는 짓은 답답함을 넘어 멍청하기까지 하고.. 이것저것 다 차치하고 최소한 긴장감이라도 있었어야지",0
보는 내내 연기를 너무 못해서 보기 불편했음,0
이런 사랑은 싫다,0
밀림의왕 레오2 전체관람가에 비해 성인도 지루할만한 전개와 오래된 그림체 진부한 대사 아이들과 보기엔 상당히 비추합니다. 아이들이 10분넘어가면 집중하지 못해요!!!,0
재미없고 딱딱하기만 한 영화. 다 아는사실만 연출한 영화. 자기맘대로 행동하는 녀석이 어떻게 위인이되고 영화까지 나왔는지 알 수가 없다.,0
이건 그냥 스토리는 다무시하고 AV임,0
난 둘다 재미없엇어,0
재밋ㅅㅅ뜸 그나마 와지애들도 많이나오공ㅇ,1
"설경구 좋다. 10년이 지난 지금 다시 봐도 아련하기만 하다. 한국식 멜로. 아, 좋다.",1
곽지민 매력터진다~♡♡,1
원래 영화 다 보고 평점 남기지만! 처음으로 첫번째 평점 등록해보는거라 1점!,0
정말 실타,0
스토리를떠나서 꽤 감동적인,1
결말을 눈치채긴 했지만 긴장감을 끝까지 늦추지 않고 볼 수 있었던 좋은 영화,1
파라노말 시리즈 좋아했는데,0
아니 왜 꼭 사람고기여야하나? 그많은 소고기를 보내지.... 그리고 왜 꼭 공전해야하나 인간의본성이라면 인간의 적인데. 전쟁하던가 생체실험에써야하는거아닌가..,0
재미없다 너무 현실성 없게 스토리가 이어진다,0
마이너스평점은없는거냐,0
이거보고 일본 가고싶다는 생각 듦,1
이후 최악의 졸작,0
미친여자의 미친 몸짓 하나.,0
유치함. 개연성 없음. 전형적인 아동용 판타지영화. 평점에 속았다. 매튜본 감독의 엑스맨 퍼스트클래스를 재밌게 본 나로선 기대와 달리 최악이었던 영화,0
전부똥이다 똥 히히히힛 오줌발싸,0
쓰잘데기없는 허상일뿐 개는 개다,0
좀 멍청한 영화.. 그래도 피비 케이츠는..,0
나 아는 미국분이 한국에서 태어나 일본에서 학교다니며 자랐는데 많은 차별과 괴롭힘속에서도 졸업해야한다는 이유하나로 버티고 졸업한날 괴롭히던 일본친구들 다 조져버렸고 그분은 졸업하고 미국으로 이민가셨다 그래도 그시절일본동경이 그리우시다고..,1
느낌이 좋았다,1
사운트 트랙이 어쩜 이리 영화랑 잘어울릴까.,1
좋은 로맨스물.,0
은근히.. 희한하게 재미있네?? 만점짜리 영화~,1
알프레도의 아바다카다브라와 토토가 받은 키스신장면은 최고로 아름답다,1
10점 하고싶지만 뭔가 공정하지 않은듯해서^^많은 생각이 들게 만드는 영화,1
"풋, 뭐라도 있었냐?",0
"★ 쟁쟁한 천만 영화들과 비슷한 시기에 개봉했지만, 내용도 기발하고 너무 재밌고, 배우분들 연기도 너무 잘하시고, 시원하게 웃을 수 있고, 유쾌하고 감동적이네요. 입소문날 만하고 지루할틈 없이 정말 잘 만든 영화인 것 같아요. 흥해라 미쓰와",1
재미없다..1점준것중에 한국영화는 죄다 10점주는 M창있네,0
보다가 몇번을 잔건지...,0
나는메이퀸광팬,1
진승현 감독님 한참 더 배우셔야 겠어요..,0
"음악(작곡)이 진짜 형편없는 뮤지컬, 뮤지컬영화",0
조디 포스터의신들린 연기력!,1
"집에서 봤는데 너무 심하군요..스토리 전개가 진짜 재미없어요..애들은 좋아해요..왜냐..런닝맨..광고를 해대니까요..그러나 어른들은 보면 짜증납니다. 저학년 이하 어린이들이 볼만한 영화구요.. 드림웍스, 픽사 애니 기대하셨다면 후회합니다.",0
방구석에서 리모콘 돌리고 있는 내가 너무 창피해 진다,1
방금 EBS에서 봤슴 정말 최고! 아이들에겐 꼭 아름다운 추억이 필요한 것 같습니다,1
난 밥딜런을 몰랐고 영화를 보고나서도 그를 모르겠다.,0
브레드피트의 명 연기..!! 역시 브레드피트 라는 생각이 드는 영화!!!,1
영상이 대학교 졸업작품같아서 그렇지 꽤나 많은걸 담아놓은 영화임에는 분명하다.,1
걍 함 봤다가!!!무슨 이런 영화를 이제야 봤는가했다!!잼있고 진짜 잘만들었다!!멜로 때문이 아니더라도 조정국이란 설정도 흥미롭고 전개나 연출도 흥미 진진하다~ㅎ꼭 한번 보길 바란다!!!,1
귀여운 제니퍼 하는짓은 별로 안귀엽네.,0
빈 디젤의 SF액션을 가장한 3류 호러 영화.. 시작은 스펙타클하나 끝은 DVD 대여값도 아까울지다..,0
"예술성높은 프랑스영화많은데,,유럽영화라 완전바닥은아니엇지만좀,,,,,",0
15세 관람가인만큼 중고딩용 애니. 성인들은 절대로 보지 말기를... 끝날때까지 유치함의 극치를 달리네... 마지막에 춤은 왜 추냐? ㅋㅋㅋ 인생과 정치와 전쟁이 애들 장난이냐? ㅋㅋㅋ,0
딸래미 진짜 ㅋㅋㅋ 와 보다가 암걸릴뻔,0
하.. 진짜 잘만들엇다..ㅠㅠ 유령 너무 불쌍해,1
요샌 네이버 평점도 믿을게 못되는군. 행동거지가 예측이될정도니 한심하고. 온갖 바보같은 짓은 다하고 ㅉㅉㅉ평점 8점이라 얼른 봤더니 3명 평가에 다 30대냐...0점이 없는게 안타깝다.,0
사랑스럽고 흐믓해 죽겠다 진짜.ㅋ.,1
ㅋㅋㅋ 쫑고 쫑기는..,1
"몇번이고 다시봐도..이렇게 꾸밈없이 남여사이의 감정을 잘표현한 영화가 또있을까 싶다.. 내 최고의 멜로 영화 연애소설, 번지점프를하다 와 견줄만한 9점이상대의 영화..장진영씨..보고싶네요..",1
극장판 정말 잼있었어요. 극장판 중에서 최고랄까요?,1
내인생에 터닝포인트가 된 영화,1
미완의 걸작. 엄청난 몰입도.,1
ㅡ.ㅡ,0
최고 가슴이 먹먹해지고 영상도너무좋고 여운이남는영화..마지막 황제가 하는 대사는 아직도 기억에남는다,1
소장할 가치가있는 영화다,1
슬프고 감동적이다:),1
장난없네.. 기대안하고 그냥 봤다가 소름돋았다 ;; 오펀 천사의 게임이 별4개라면 이건 5개 주고싶다 진짜 재밌다,1
올해 본 영화중에 가장 마음에 듭니다. 집에 오는 길에 다시 보고 싶은 마음이 들었어요. 마음 아프기도 하지만 재밌는 장면들도 있어서 더욱 좋네요.,1
돼지 OOO하고 싸워서 기분 안좋았는데 영화보고나서 풀렸다,1
아직도 귓속을 멤도는 목소리 너무 조아,1
너무 자기주관적인 방송이네요 마치 자기의생각만이 맞다고 하는거 같아요. 전 참고로 결혼전 큰싸움도 없었고 결혼해서 애기낳고 잘살고있답니다.,0
유치원생 아들 보는동안 한두번 웃네요^^;;,0
소와 함께하는 선문답 장난질. 이런 맙소사!,0
영화필름으로 줄넘기를 만들어서 넘는것이 더 효율적이었을것 같다 필름으로도 똥을 만들수 있구나,0
아직도 가끔 기억나는영화...,1
허참이게영화임??,0
제 삶에 최고의 영화중에 하나였습니다!,1
의형제인 카오맨이 배신하는 동기나 그 이후에 진횡을 휘두르는 전개가 너무 말도 않되는 억지다. 아무리 군벌이 득세하는 혼란기였다해도 모시던 장군을 대놓고 배신하고 반대하는 부하들이나 타 군벌의 장군들을 무조건 총칼로 위협해 다 굴복시키고...무슨..,0
예술영화~!! 만든넘 너나 봐라~!!!,0
그 때 당시는 모르겠으나 현재 와서 다시 보니 그저 그럼.,0
그 당시 비디오 대여비가 엄청 아까웠었다!!,0
. . .,0
이걸 본 내가 대단하다. 내용도 개연성도 재미도 ...,0
뭔말인지.,0
아..왠지재미없다했더니 .. 네이버평점이 항상 틀리지많은 않네요.,1
기억난게 준하의 방구밖에 기억이 안남,0
우뢰매수준의 그래픽 ㅡㅡ; 반전도 어린이영화수준이다. 왜케 평점 높은거야?,0
아 정말 신선하고 재밋네요 ㅎㅎ,1
(っ '～')づ ⌒☆ ㅋㅋㅋ,0
지루하고 애매한 결말에 앞뒤가 안맞는 스토리....,0
미국이 ㄱ어떻게 나라를 만들었는지 오락적으로 만들었다 미국비판영화같다 이런내용인지 전혀 생각 못하고 봤다,1
세상에 믿을사람 하나 없다는걸 다시금 상기시켜준 현실적 작품..,0
예고편봤는데 80년대 영화인줄 알았네 근데 에일리언 초기작이 79년도에 나온거 감안하면 미드보다 못한수준,0
짱재밌당! 굿굿 토비 짱짱,1
아름다운 영화라고 밖에 표현할게 없다.,1
재밌었는데..이런 신박한 소재가 한국이 아니라 할리우드였으면 어땟을까 하는..아쉬움 ?,0
4점대는 아님 ㅋ,1
대사 하나하나 놓치지 말고 봐야함.,1
오늘 수원영통메가박스에서 관람한 러브 인 코리아~ 다큐영화의 신선한 충격이였습니다 . 사실과 현실을 바탕으로 진실하고 솔직한 다문화 이주민의 삶을 목숨을 걸고 찍었구나 체감되는 감동적 영화였습니다,1
불륜영화 보는 내내 더럽고 역겨워서 결국 다 안봤음. 연기자가 스테프의 노력과 땀을 똥으로 만든 영화,0
10점 만점에 1점 !!! 최악이네 하아...,0
역사에 길이 남을 쓰레기더빙의 진수. 연기 드럽게 못해쳐먹는 유승호같은애를 데려다 쓰냐ㅡㅡ영화관람에 있어 굉장한 방해요소다 유승호의 몹쓸연기는..실망을 금할 수 없는 작품이었다. 캐스팅에러의 좋은 예.,0
어렸을적에 보던 드라만데 드라마 속 유선과 오대규가 아직도 기억이 나네,1
아예 대놓고 어중간하다. 다큐도 아니고 18금도 아니다,0
아..진짜 엔딩크레딧까지 보게만든 영화는 오랜만이네요. 러닝타임내내 행복하게해줘서 고마워요. 현실로 돌아오고싶지않았어요. 그들의 이야기가 더 궁금하네요. 2시간의 행복을 안겨주어 고마워요 ^^,1
대부분의 나라에서 일부일처제를 강제하는 이유가 있다. 그리고 그것이 옳다. 다부다처제를 허용하다간 겉잡을 수 없다. 인간에겐 질서가 필요하다. 과거를 후회하지 않기 위해.,0
마지막 헤어지고 난후부터 .. 끝까지 .. 그 마지막 부분이 숨이 막힐정도로 좋다 ㅠㅠㅠㅠ 하.... 헤어지고 자기의 인생을 살고 다시 만날때...,1
이시영씨 너무 귀여워서 아주 죽겠어요. 대사하나하나 너무 웃기고 재밌음,1
"mon amour, ne me quitte pas...고전 신파 멜로의 최고봉.",1
프레디 디지다........,0
실화라니 놀랍다. 정말 강동적인 영화,1
"하,,, 오락영화로서는 괜찮았던 1편이었는데, 2는 걍 이도저도 아닌 쓰레기",0
꽉잡아!! 내려간닭!!!,0
아... 지루함.평점 보고 본건데 걍 별루.마지막 오분이 감동적이고 내내 지루하다ㅡ ㅡ....,0
예전엔 다이해안가는거투성이라 노잼이엇는대 나도다컷고 내용을이해하니 너무슬프다 ㅠㅜ 배경음악이랑너무잘맞는다 연기도다너무좋앗고,1
그만하라니깐.,0
내가 본 영화중 가장 야한 영화!! 엄마들어올까봐 조마조마.. 올여름 최고의 공포였다..,1
제임스 캐그니..이 불멸의 대배우여..!,1
멋진 곳에서 지들끼리 놀다가 오는 걸 이해도 안되는데 보고 있는 시간이 안타까웠다.,0
스릴은 정말 최고다! 계속되는 긴장감 속에 손에 땀이 없는 나도 땀이 나는 느낌이다. 하지만 경찰을 믿지 않는 시민과 혼자 다니는 경찰이 답답하긴 하다!,1
정말 잠 온다 막장중에 막장,0
잘못된만남~ ㅜ,0
"참신한 아이디어, 그러나 부실한 시나리오... 아이디어로 시작해서 아이디어로 끝나는 영화다.",0
이결말은 마치 기독교인90%인 세상에서 석가모니가 현존했고 신이 맞다는 눈에 보이는 증거 세상에 다보여주고 주인공들이 교회다니며 끝나는 거랑 비슷하다. ㅋㅋㅋ미친다 평론가들 마음 십분이해된다 진짜 ㅋㅋ중간까진 괜찮았음,0
조온나 지루함. 중도하차잼,0
시대를 역행하는 리메이크.,0
진짜 오글거림ㄷ 포화속으로 보다가 김혜성 귀여워 보여서 이 영화 봤는데 진짜 이 영화 별로임ㄷ 내가 점수 후하게 주는데 이영화는 1점조차 아깝달까?,0
아 머드라인줄알고 찾아봣더니 드리머구낰ㅋ,1
"우하하하....,우하하",1
본지 하도 오래되서 내용 기억은 안나지만 재미없었던건 기억한다..,0
진짜 너무한다 ...,0
재미없어,0
1편보다 못하다.,0
싫어하는 친구에게 추천해 줄만한 영화.. 추천해 준 후 연락하지 말기를..,0
나라면 귀신한테 복수한다. 꼭,0
말 그대로 완벽해요 가장 좋아하는 영화로 뽑혔네요,1
멜깁슨은 멋있고 헬렌 헌트는 아름다웠음,1
배울점도 없고 공감도 안가고 괜한 경찰이나 죽이고 정말 어이없는 상업영화,0
나도 낚였지만 후회없다^^ㅎㅎㅎㅎㅎ 낚인사람이 도대체 몇명이야.. 잼있다^^ㅎㅎㅎ,1
아 졸 재미없다ㅠㅠㅠㅠ,0
느와르라고는 하지만 스릴러에 가까운..,0
나이를 먹어도 여전히 매혹적인 두 배우.. 반전은 피식.. 예전에도 써먹은 수법,0
자 ! 이제 미녀를 보여주세요,0
애니메이션을 유치하다 생각했던 내 고정관념을 깨버린 영화.로봇의 우정이 너무도 사랑스러웠다.,1
시리즈는 진보하나 제임스본드는 숀 코네리에서 멈추다,0
가나다라마바사아자차카타파하,1
처음 평점 올리는데 시간이 아깝다,0
정말 좋은 다큐멘터리다.우리에게 큰 교훈과 감동을 준영화.,1
"드라마가 애들 장난이냐?황우슬혜랑 차인표만 보이는 드라마.차인표 영등포 타임스퀘어내 교보문고에,자신이 쓴 책 잘가요언덕 차기작 오늘 예보 싸인회해주러 왔을때 봤는데,머리통이 거짓말 하나도 안보태고,주먹만 함.근데 키는 또 엄청 큼.아주 훈남이더만...",0
재밋네요 천만돌파할듯한 명작.,1
욕나온다 1점도 주기싫다,0
OOO기 영화 볼 가치도 없다,0
다들 대단하심~ 개인적으로 보지말았어야할 영화네요. 감당키어려운 소재였음..ㅡㅡ;,0
한국의 모든 가장은 이 영화를 반드시 봐야 합니다,1
영화가 너무 재밋네요 저는 오늘 이영화 봣어요,1
쓰레기영화 이런버전 지겹다,0
귀엽당귀엽당귀엽당^3^,1
김지석씨의 타미홍이란 인물에 빠진다. 그럴수밖에 없다.!!,1
상상력과 상상력을 더한 영화..정말 재밌었음,1
평론가평점이 왜낮을지생각해라,0
"풍자적인 영화, 토요명화같은데서 우연히 볼만한 시간때울 영화",0
구로사와의 희미한 첫 발자국.,0
호...혹성탈출? 이런 망작이?,0
왠만한 공포영화보다 더 긴장하며 봤다. 정말 소름끼친다..,1
그저그런영화....,0
케이트블란쳇의 포스가 ...ㄷㄷ,1
너무나 재미가 없는 3류 유치영화....말도안되는 어설픈설정.7.80년대 영화만도 못하다.... 오달수 이분은 영화선택을 잘못하신듯..,0
단순히 유치하지만은 않다. 이런쪽에선 괜찮은 영화~,1
무섭지도 않고 이토록 지루할 줄이야...,0
이해하기 너무 난해한 영화. 기괴한 영화,0
지금까지 내 생에 최고의 애니메이션이다.,1
좀스러우면서도 성숙한 그의 일상. 나이 먹는다는 것은 이렇다.,1
걍 레즈비언 영화네...,0
사람 바보 만드는거 한순간... 결말이 이게뭐야???,0
네 이런것도 상영 합니다.,1
오늘같은날 김재규 열사님이 보고싶어지는날이네요 탕탕탕 탕수육을 먹으며 다시한번 그때 그감동을 느껴봐야겠습니다,1
에이...이병헌씨 이 영화는 너무 거저 먹었다~~~굳이 연기 할 필요 없는 영화를 선택한 당신 너무 로맨틱 한데~~!!!!,0
범죄를 저지른 여자의 성공스토리 무엇을 전달하기위한 영화인지 이해 불가,0
슈퍼맨이 같은 유전체로만든놈과싸우고 저때도핵이위험요소군,1
따뜻한물만 안챙겨줬어도...따스한 마음을 가진사람이어서 더 행복하길 바라~,1
신승수가 연출한게 아니라고 믿고싶군,0
마음을울리는 영화....... 완전한 솔직함을 두려워하게하는 영화......,1
"내 나이 14살에 이런 멋진 동시같은 영화는 처음이다. 장르를 건너뛰고 대한민국 최고 영화라고 난 생각한다. 하늘이 두쪽나는 일이 있어도 훈훈하고, 슬프고, 아름다운 공포물은 다시 나오지 못할것이다♥♥",1
빛과 푸른것들과 소리가 엮어내는 것들에 그저 혼미하고 아찔했을 따름..,1
추억의 영화 **,1
169회까지 질질 끌다가 막지막회에서 전부 밝히고 끝날 드라마.,0
5편 로그네이션에 너무 실망해서 다시 찾아왔다. 이정도 걸작을 지금은 만들지 못한다는것이 슬퍼진다.,1
별로야. 서툴고 거칠고 밋밋하고. 유치하고 진부하고 개연성없고. 아무튼 별로.,0
보영누나 리오때성우잘했는데 내가보기엔유치한인터넷용어억지스러운유행어때문인듯,1
서기두좋고 음악도좋고 여러번봄,1
"주요정보에 남자 주인공이 40대화가 라고 쓰여있지만, 영화를 다 보고 나니까 난 그가 화가가 아닐지도 모른다는 생각이 들었다.",0
원피스니까 10점,1
"배우들의 열연과 기발한 발상, 그리고 마지막 엔딩 장면 중 흐르는 OST는 명불허전!",1
"제니퍼 코네리 리즈시절. 어린시절 주말의 명화에서 보았을땐 정말 섭찟했던 것 같다. 영화 제목도, 내용도 제대로 기억이 나지 않았지만, 주인공 예뻤다는 것은 기억에 남았다. 세월이 흘러 다시보니 내용은 유치하기도 하지만 제니퍼코네리는 역시 예쁘다.",1
최고 ㅇㅇ,1
기억상실증이라고 말하지 말아줘요 제ㅔㅔ발,0
수애 목소리 너무 이쁨....,1
"강선교사님의 헌신내려놓음도 멋지지만, 묵묵히 따르는 사모님의 모습이 아름다우세요",1
일본특유의 서정적임과 순수한 영상이 돋보이네요,1
몇번을 봤지만 한장면 빼고는 기억이 나지않는...,0
"분위기는 Good, 하지만 연출은 Bad",0
개봉하고 극장에서 보고 오랜만에 다시봄 다시봐도 진짜 장난아니다 처음부터 끝까지 눈을 땔 수 없고 흡입력이 장난아니다 나탈리포트만의 연기는 진짜 말이안나옴,1
"한국인들은 너무 평점을 감정적으로 준단말야 ㅡㅡ 아름답고 슬픈 실화인건 맞지만, 영화가 일단 너무 지루하고 연결의 개연성 없이 그냥 찍어서 나열해논 가편집본 수준이었다;;실제 남매의 이야기는 너무 아름답지만 이영화는 꽝이다ㅡㅡ",0
정말 솔직하게 말하는데.재미없어요.,0
전 별로 노잼...ㅋ 노잼,0
더이상 숨지 말아야한다.그냥 그대로 지나갈뿐...,1
이영화가재밌고잔인하다,0
2주만 병원에서 기다렸으면 됐을것을...,0
어머니에대한 고정관념을 깨버린 영화. 복잡미묘한 모녀관계를 섬세하게 표현,1
모든 주연이 연기가 약간 ....................,0
스토리가 좀 작위적이긴 하지만 음악이 주는 감동의 힘이 그것을 덮고도 남는다.,1
고졸학력 장동민의 카이스트 우등생 오현민 압살하기!!진짜 너무재밌따,1
"재기발랄, 상큼. 움직이는 동화같지만 마음이 마냥 편하지는 않았다. 어쨌든 굳",1
최강이였습니다,1
"언어를 뛰어넘은 그들의 유머, 그들의 아픔이 오래 남을 것 같다.",1
또 하나의 재미를 찾을 수 있는 영화다. 다큐의 힘!,1
호러다큐멘터리라고 잔뜩기대했지만. 호러가 아니었다;,0
저 버클리 초능력자를 잡아 족치면 뭔가 나올텐데?,0
견자단하나만으로 좋앗는데 이영화는 중국사람만 보는영화다 진짜로..,0
돈 주고 보는 개콘. 개콘보다 못 해.,0
뭔영화를 만들려한거지?,0
참나 다짜고짜 욕하는것도 문제지만 욕하지말라고 가드 치는게 더웃기네요비평가들은 연기를잘해서 비평합니까 ? 유명하지 않으니까 닥치고있어야되나요?swee**** 님 초등학생냄시 나네요 공부나열심히하세여,0
이게재밋니 ㅋㅋㅋ?,0
2편은 재미없는데 평점왜케높지;;,0
"난 좋았다. 1.5시간동안 아이반과 같이 맘졸였고, 분노했고, 안도했다.",1
장태주와 최민재의 마지막 대화난 너랑 달라 . . .!!수없이 많은 대사중 가장 가슴에 남네요재미있었습니다. 즐거웠습니다. 감사합니다.,1
와...,0
이건 뭐.. 좋은데~,1
"마지막 한 판 승!! 줄리아, 윈~! ^ ^)/",1
주인공 아이들..잘 지내고 있을지 궁금하네요...너무 가슴아퍼,1
1편도 진부하고 재미없었는데 2편이라니... 상업적으로 성공했다고 양심을 속일텐가? 관객들의 수준을 조롱하는 영화.,0
노무현대통령부터 섬기고 영국왕이나 섬겨라,0
진짜 허접한 액션영화임은 분명하다. 하ㅡ 배우들이 아깝다,0
"물질만능주의에 폐해, 기계인간으로서 느끼는 고뇌, 자극적이고 화끈한 액션 3요소가 잘 조합된 명작",1
저 배우들로 이딴 영화밖에 못만드나 싶네. 중고등학생이 만든 3류로맨스소설보다 못하네,0
클스틴 연기로 근근히 보다가 한국비하 발언에서 번쩍. 자막은 완곡하게 번역됐지만.,0
화면 너무 머리아프고... 감독의 연출력최악이라고 생각한다. 먼가 되게 흔들리고 어려운척하면 다 작품성 있을줄아나보다. 영화공부다시해야될듯,0
막장 없이 깔끔한 스토리와 감동. 굿굿,1
세개 줄려다가 알바 짜증나서 하나 준다 에혀... 영화주제: 차카게살자,0
진행의 속도라든지액션씬 그리고 영상미가 뛰어난 작품입니다..,1
하얀 웃음이 기억나는 영화,1
배우 감독 모두 매력있는 영화!,1
전혀 기대 없이 들어가 즐겁게 나왔고 서핑하고 싶어졌다!,1
여기서 그만두길 잘한거야,0
독 립 영 화,0
독특하고 약간은 이색적인 영화. 꽤 괜찮았네요. 감독이 영화를 잘 이끈듯한.,1
이거 보고 썸녀랑 쫑났어요ㅜ.ㅜ,0
태권브이만 그런게아니구나 ㅋㅋㅋ 왜 예전 만화영화거장들이 얼굴 못들고다니는지 알겠다,0
존나 답이 없다.,0
지루해....,0
울었다는건 오바고 그래도 의외로 스케일도 크고 재미 있다.,1
이해하기 쉽게 비유하자면 헐리웃판 [고질라]가 1년 먼저 개봉했다. 후세 사람들이 이런 사실을 모르고 테스트를 한다면 과연 어떤 영화가 더 먼저 나왔다고 생각할까? 답은 너무나도 명확하다.,0
응급남녀 12화때 정말달달하당♥ㅠㅠ완전잼있엉~~~,1
아 대박하나 건진듯 ㅋㅋㅋㅋ,1
마지막에 가족들과 영상통화하면서 펑펑울었다..정말 보고나서 가슴이 따뜻해지는 영화이면서 또 한편으로 지금의 인류에게 교훈을 주는 감동적인 영화이다. :),1
"좋아, 아주 좋아!",1
노수람의 몸을 본건 만으로도 감사합니다 ^^,1
영화 보기 전에는 맛 기행 정도로 생각했는데.꽤나 스토리가 탄탄하게 만들었다,1
"아이앰 샘 , 7번방의 선물 보다 더 큰 감동이 있네요엄마 아빠 라는 단어가 한국어와 동일하니 친근감도 있구요 ㅎ",1
넘 울었더니 눈이 부었어요. 카타르시스 짱!,1
전쟁은 절대 일어나서는 안되는 비극이다.,1
이야 이렇게 하나같이 1점주는것도 힘든데 얼마나 OOO기영화면 죄다 1점이다 대박ㅋㅋ,0
소설이 더 낫다...ㅜㅜ,0
너무 재밌어요!!세번봐도 재밌네요!,1
신선하고 다 좋은데요~~애기 우는소리 진짜 듣기싫어요그만울리면안되나요..휴..애우는 소리가 반절,0
흐뭇합니다,1
내가 영화 만들어도 이거 보단 잘 만들 자신있다!!!,0
멋진 영화,1
독립영화 보다 못한 게OOO영화,0
이거..별로다,0
"톰크루즈며 조연 배우들도 하나같이 멋있다, 전개는 좀 아쉽지만, 30년 가까이 지난 지금 봐도 좋다. 내가 태어난 해에 개봉했는데 그때당시엔 엄청난 파장을 일으켰을듯. 내 꿈도 파일럿이였는데, 비록 공무원이되었지만, 다음생엔 파일럿이 되고 싶다.",1
지루해서 끝까지 다 볼 수가 없다.,0
스켈리톤키 보다 더 잘 된 영화.,1
먼 귀신 이야기야. 그나마 조진웅의 연기가 살렸음. 어디선 본 듯한 소재를 가져다가 쓴 듯. 영화 내용처럼 표절? 특히 1408.,0
재미있음,1
몰입도가 별로 없어요 많이,0
무슨 말이 더 필요해? 마이클 잭슨인데.,1
최악의 영화 100% 후회 에구 내돈;;,0
"보는내내딴짓했다,,정말재미없습니다.",0
너무 너무 재미있어요.ㅋㅋㅋㅋㅋㅋㅋㅋㅋㅋㅋㅋㅋㅋㅋㅋㅋㅋㅋㅋㅋㅋㅋㅋㅋ,1
"내용도 없고, 앞뒤도 안맞는 쓰레기 영화",0
간만에 만난 망작이네요 다시점 시도 좋았고 중반까지도 좋았으나 말미에 엠뷸런스 틀어버릴때 황당 그 자체,0
아름다운 음악과 어우러진 우정과 사랑 이야기... 황홀하게 빠져들었다,1
여기 장르에서 코미디는 빼주세요. 거의 다큐 수준..,0
"모든 이들이 생각하고 행동했던 성에 관한 진지한 담론, 멋진 영화!",1
피아노를 치다가 끊었는데 오늘 이 명작애니를 보고 다시치고 싶어졌다..,1
건재한 영화.,1
재미가 없다,0
웃다가 자지러질뻔.태극기 휘날리며는 이거 베꼈을꺼다,0
제목에서 감동적인 휴먼드라마일거라 생각했는데 판타지적인 요소가 많아 장면도 소재도 흥미로웠다ㅎ 로빈윌리엄스의 많은 영화들을 보다 뒤늦게 이 영화를 봤더니 이 아저씨의 로맨스엔 집중이 안됐지만ㅜ,1
빠순이 빨로 평점 6점대 유지중임 ㅇㅅㅇ,0
이게 뭐지 진짜 노답 영화왜만든거야진짜,0
1점만 주자,0
플스여 영원하라!,1
다시 보고싶어 찾은 추억의 영화,1
애들은 좋다는데...,0
"무로돌아가라고? 동의할 순 없지만, 충격효과는 대단하다",1
아이들과 보기에 좋은 애니메이션!,1
"강렬하고 아름답습니다. '자유로운 새'이고자 하는 보디, 그 마음을 알아주는 유타..",1
정말 재밌는 드라마였습니다.,1
공포영화보고 별 5개 주기는 처음이다. ㄷㄷㄷ,1
부족한점이 분명있지만..그래도 10점주고싶다,1
댓글보니까 다 알바네 거의다 조카랑 보러갔뎈ㅋㅋ,0
너무 흔해빠진 내용,0
껄껄껄 재미있네요 추천,1
이것도 영화라고 산만한거 맞음..,0
엄청재미잇써써요꼬마영웅프로디활티팅,1
"추격씬이나 자전거 추격신, 거기다 나이트 비전을 활용한 1인칭 시점으로 처음에는 공포감을 조성하다가 후반에는 스릴넘치는 빅풋과의 서바이벌이 시작된다.엔딩은 다 죽는 다른 페이크다큐,공포영화와는다르게여운과 감동을 주고 끝난다.5점이하는아니라고생각한다.",1
"장르가 무협인데, 와이어/과장액션은 당연하지. 욕하는넘들 시네마천국이나 보러가라",1
이건 뭐냐,0
뭐냐 이 OO OO은 영화는..이걸 좋다고10점 주는 OO세끼도 있네,0
영화에서 나왔던말중에.. 사랑은 행복한 만큼 이별이란 것이 다가왔을때 그 아픔이 배가 되는것이다.. 필자도 그 이별의 아픔이 두려워서.. 사랑하는걸 무서워 하고 멀리하고 있지만.. 주변에 윤지호 같은 친구 있었으면 좋겠네요 암틈 무지 재밋었습니다..,1
그들의순수함이 좋았습니다. 동성애를주제지만 무겁지않고 해피엔딩이라더욱좋았던듯,1
안타깝다.사랑할 줄 모르는 여자가,1
진짜 이건 예상 못했다... 이 명작을 이제야 보다니!,1
심하게 지루한데다 별 내용도 없는 시간만 아까운 영화..,0
박보영 같은 발연기자 좀 쓰지 말라고!!!,0
이거 영화싸이트 벌써나왔는데 ㅋ 난 봤지롱 며달전에,0
아버지가 먼지 알려준 영화다,1
오오.. 안봤으면 말을말어~~ ㅡ_ㅡ,1
"주요인물들이 배우들과 잘 어울려서 기대 했었는데 원작 책에 비해서 많이 뒤떨어지는 느낌이네요,, 책에서의 그리트와 베르메르 사이에 애틋한 감정 같은 것도 전혀 못느꼈고 무엇보다 베르메르가 여자를 밝히는 것처럼 묘사되는게 더더욱 아쉽네요..",0
무리한 설정은 영화니까! 지나친 감상주의는 일본영화니까!! 하지만 긴 상영시간은 용서가 안된다!!!,0
"중국이나 홍콩은 드래곤볼 에볼루션이 있다면 일본엔 독수리 오형제가 있다. 역시 아시아 국가들은 SF,판타지 영화를 만들면 안돼.",0
보다 잤다.,0
유아인때문에 봤던영화 근데 영화가 너무 재미가없다 시간낭비라는 생각이들었음,0
007 영화중에 최고다~ 사운드트랙도좋고 볼거리가 정말 화려하다. 최첨단무기 뿅간다,1
명작이네요 한국판보다 훨 낫네요,1
"원작과같이 메로,니아 등이출현한다면 시리즈가 더늘어났겠지 원작을 영화화한작품치곤 되게잘만듬 그리고 캐스팅도 다괜찮음",1
정준하 저건 출연료 도둑!!!,1
재밌게 잘 보고 있어요살아있는 캐릭터들 덕에 시간 가는줄 모르겠네요^^,1
내가 본 판타지중 최고 10자,1
"로이킴,딕펑스,정준영 매력적이지 못했다 갈수록 흡입력이 왜 이리 떨어지지....",0
난 정말 웃기던데 코드가 맞나? 호불호가 갈린거 같습니다.,1
왜평점이9.1밖에 안되지? 역대에 이거보다 최고인드라마 있었음?,1
이 장난스럽고 휙휙 나는 홍콩 무협영화를 즐겨 볼 때가 있었건만.,0
헐 이거 재밌었어 6점은 너무하잖아.,1
반점주기도아까운영화,0
주인공 애아빠 한심하고 질나쁜 인간땜에 좀 짜증나서 -1점 ..,1
스릴잇고 무섭고 좋앗어요 ㅋㅋ,1
촬영 중 긴급했던 재정상황이 화면만 봐도 예상이 간다.. 뭐 이런 허접한 영화가...,0
"조종실 뱀 몇마리 잡는데, 굳이 뱅기에 구멍을 뚫고 OO이여...",0
이나영은 이쁘다....진짜이쁘다,1
최고의 감동^^,1
기대하지 않고 봐서 그런지 신선하고 나름 괜찮았음.,1
명작오브명작이것도재개봉했음조켓다,1
"정작 힙합도 별로 안나오고, 결말도 이상하고, 여주인공만 볼만함~",0
진짜 재밌어요,1
두말필요없는 쓰레기 포르노. 야동도 이것보다 스토리가 낫다.,0
보면서 참다참다 넘겨보기한 영화는 심형래 디워 다음으로 이게 처음이다,0
"'나의 결혼 원정기'에서도 그렇고, 우중충한 캐릭터 정재영과 유준상은 궁합이 잘 맞나 보네요.",0
괜히 머리 밀고 열심히 한것같다만...망작...,0
나도 유부녀랑 관계 맺고 싶다,0
난 지루하던데 왜 평점이 높지??,0
역시나루토,1
"시간 절라 안가는 영화는 또 첨이네...@,.@",0
별 반 개 주기도 아깝다...,0
제작사와감독에게할복을요청하고싶다...일본영화의 최대망작!!!,0
현미경으로 바라본 자유와 평등의 억압된 세상,1
"티비에서 하길래 우연히 보다가 끝까지 봤네요. 마지막 장면에 생각지도 못하게 폭풍 눈물을 ㅠ ㅠ 근데 찰리도 불쌍 ㅜ,.ㅜ",1
단연 최고의 드라마였다. 오랜시간이 지난 지금도 잊을수 없다.,1
잘 봤습니다.빠르게 전개가 되었지만 ...이해는 충분했음.,1
멕시코 감옥문화 다큐같다,0
여기 그어디에도 최고급리조트는 안나온다.작가는 리조트에서 놀아본적이 없나봐~ 이 영화에 돈이 제일 많이 들어간곳은 아마도 오징어 먹물일듯!!,0
그냥 대박이고 쩌는 영화!!!!,1
"처음부터끝까지 시종일관 미친여자 혼자 OOO,발광 하는 영화",0
8년만에 다시 봐도 꼬리를 무는 반전 수작이다. 가족을 잃은 소년기에 경찰이 웃으며 껌 씹을래?가 충격과 분노로 작용해 동기가 됐는데..실제 FBI 프로파일에서 자신을 학대하던 사람들을 기억해 살해하던 보안관도 있었다.,1
첫판보단 마음에 들지 않지만 괜찮습니다.,1
참 안타까운 드라마네요..막장 스토리에 배우들까지..측은해지는특히 최정윤씨 !!자극적 소재가 많아 시청은 하게 되더군요..,0
저도 평점 10점 줄까하다 참습니다 제가 부디 마지막 희생양이 되었기를...,0
댓글들 너무하네.. 따뜻하고 진정성 있는 영화인데..,1
누가 쿵푸허슬이레~~아 OO 낚였네....지루해서 디지는줄 알았다. 1점도 아까워,0
만들어진지 10년이 지난 영화임에도 불구하고 cg며 스토리며 흠잡을데가 없다. 조니 뎁이 잭 스패로우를 제대로 연기함.,1
정말 최고!!김혜수따위에게 여자최우수연기상이 가다니,1
잔인하고더럽고이상하고추상적이고진지하고우울하고기괴하고극단적이고...식상하다,0
짐캐리의 연기가 굿굿잼 중간에 좀 지루한감은 있지만...ㅎ,1
후회...비디오나 빌려서 볼껄..,0
좀 심한듯.. 배우들이 불쌍해..ㅜㅜ,0
보는 내내 불쾌한 느낌을 지울 수 없었다.,0
"허세 부리느라 애 좀 썼다. 프랑스까지 동원하고,",0
이 드리마틱한 시한부 커플 이야기를 보라,0
z,0
2시간동안 어린아이가 되어있었음.,1
정말 재밌게 잘 본 영화입니다. 어렸을때 본 기억으로 봤는데 커서보니 새삼 더 다르게 느껴지네요!!,1
청춘의 순정으로 시작해서 사랑으로 포장된 폭력으로 끝난다,0
이런 형편없는 영화에 3500원 지출하여 30분 감상에 눈물을 머금고 포기.,0
비욘드투소울을 하면서 알게된 엘렌페이지ㅋㅋㅋ와....연기력 완전 굳굳 ㅋㅋㅋ비욘드에서 기타치면 노래부르는 장면이 나오는데 엘렌페이지는 진짜 노래 잘하네 ㅋㅋ,1
정말 최악의 영화ㅎ아ㅜㅜ착하게 말못하겠다. 걍 최악의 쓰레기삼류OO영화임.,0
최고였음♥,1
추악한 인간의 본성...,0
로,0
한개도 아깝다.... 똥파리 안봤냐?독립영화도 그정도 퀄리티는 나와줘야한다 ㅇ건 머...유치원 학예회 하냐? 평점낚시 간만에 낚여보네 ㅉㅉ,0
러브크래프트 분위기의 종말론적 이야기.존카펜터 더씽과 더불어 최고의 작품,1
하이바라와의 설원씬보면 이극장판은 다본거,0
이런 영화는 별로 코드가 맞지 않는다는..,0
장쯔이만 빼면 저한테는 좋은 영화였어요!!!^^,1
물타기 한번 가볼 까나요...ㅎㅎㅎ,0
DC 최악의 흑역사일듯,0
약 10년이 전에 만들어진 영화라고는 생각할 수 없는 감동... 동성애등을 떠나 진정한 사랑이 무엇인지 The Origin of Love 에 대해 알려준 영화인듯 싶다. 베드씬만 많은 몇십편의 영화보다 이런 퀄리티 있고 감동있는 영화 한편이 더 낫다.,1
ost도 휼륭하고 감동적이여서 정말 재밌게 봤네요.,1
감독의 재해석이라고 하기엔 너무 과했다. 과유불급이라고 이야기가 점점 산으로 전개된다. 별로 공감이 가지않고 오글거리기만 했으니..,0
"""테레사 수녀는 지옥에 있다 .."""" 테레사 수녀의 가증스런 """" 이라고 검색해서 동영상 보길 바람""",0
아직도 액션하면 이 영화가 생각난다,1
이런게 센스고 재능이지. 감독의 차기작이 기대된다.,1
고증과 사료 파괴 판타지 사극이 또 하는구나~ 노잼 ㅎ,0
인간들이 소리지르면서 뛰어다니는 작품,0
OO 옆차기 하고 있네 ㅋ 이게 영화면 지나가는 똥개두 영화 찍겠다..그지들아,0
정말 대사도 달달외울만큼 보았던 최고의 드라마!,1
다시 보고 싶은 시리즈...,1
아 정말 이 마음을 어떻게 말로 설명해야할지 모르겠네요. 정말.. 보는 내내 가슴이 너무 벅차고 뭉클해서.. 후반부에는 눈물만 계속 흘렸네요. 정말 좋은 영화 봤네요ㅜㅜ 주변인들에게 추천해주고 싶어요. 정말 명작입니다,1
글쎄 얘들이 보면 좋아 할려나?,0
"영화가 무게감이 있고, 전편에 흐르는 차가운 감정이 묵직함을 주네요.",1
잠수함내의 상황을 잘 살렸다.,1
어르신들의 회상용 성인만화.. 어렸을 때 봤으면 재밌었을듯,0
내 가슴이 먼가 먹먹하고 답답해지는 기분나쁜 영화..,0
어휴...답답해 죽는 여주. 그냥 사형이 답이다. 왜 저딴 애 살릴려고 출세길을 막는데.. 암튼 스토리가 억지춘향 신파라 최하점.,0
그냥 여러므로 별루네.. 이런영화는 아픔이 보는이로 하여금 와닿게하는 감성에기대구 호소하는 영화인데 그냥 넘뻔하구 과대포장되구 어지럽게 널부러진 느낌만들뿐..,0
"누가 뭐라고 욕해도 쥬라기 시리즈는 결코 지루하지 않다. 3편다 잘 만든 영화다. 개연성 스토리 말이 안되는 부분이 좀 아쉽지만 기본적인 액션이 늘 많고 효과가 뛰어난 건무조건 인정할 부분, 다들 아줌마 욕하는데 너무 이쁜 거 같어 티아 레오니^^",1
밋밋 로코.,0
부질없는 복고의 추억,0
최고라고 밖에 할말이 없다!!,1
"이런 배우, 이런 영화를 어디서 또 만날까",1
쓰레기영화 평을 하는것조차 사치,0
"팜므파탈, 반전, 자동차 추격씬.. 원초적 본능이 이 영화에서 영향 받은 듯.",1
TV상영종료후 1년뒤에 극장판이 나올정도의 초 대작.TV편의 설정오류 수정과 새로운 씬 추가가 주된 볼거리. 마마마는 어른들을 위한 애니이다.※우측의 리뷰를 보고 애들과 함께 볼려고 한 분들에게는 절대로 애들에게 보여줄 작품이 아니라고 강력히 주장한다,1
와~~유아틱한 장난감 영화네? 재미없다,0
4편으로 종결이라니 너무 아쉽다...나에겐 최고인 영화!!,1
쓰레기 허접한 영화. 시간 아깝다.,0
무슨말이 더필요하나영상진짜이쁘다,1
줄리안이다ㅋㅋ 요래보니 반갑군ㅋㅋ,1
걍100 점 ♡♥ㅁㅇ헝으혀향,1
이렇게 재밌는 걸 왜 이제야 봤을까,1
dlf첨 알게된 영화 근데 안 볼란다 난 1점도 아까운,0
하하하하 나도 안무서운 공포물이있었다니.,0
화면구성만은 정말 특이했음; 내용은 볼거없다,0
배우들 연기만은 최고.,1
게임 모름. 영화만 보면되지 괜찮게 봤는데 나는,1
특수효과가 어설프긴 하지만 B급 공포영화의 수작.,1
더럽게 잼없네 2점부터 점수준것들 M창,0
이 개 쓰레기 영화를 돈주고 봤다는게 너무 아깝다. 현재 사회 분파 얼어죽을 제작비 아낄려도 푸닥거리짓 하는거랑 중점 내용도 없이 지들 쥐좆대로 진행 되는거랑 스토리? 니미 중학교 2학년이 써도 저거보단 개연성있겠다,0
박영규..ㅋㅋ,0
뭔내용인지.....????,0
꽤오래전에 봤던건데 좀 실망했다..변한게없으니.....,0
너무나 재미있게 본 영화,1
매회 눈물 한바가지 ㅠㅠ 이렇게 울려도 되는 거야? 제목만 막장인 최고의 드라마! ps..8회분 촬영은 대부분 일산호수공원 목소리가 울리는 부분은 호수공원내 장항ic도로 밑. 다리너비가 길어서 목소리가 울립니다,1
자랑스런 우리만화 애니매이션~!!!!!!!!!!!111,1
인간의욕망 끝없는갈망 난이런영화 갠적으로 좋아함,1
영국 영화와 콜린퍼스 좋아해서 봤는데 넘 평이하다..그냥 죄책감에 시달리는....,0
정말 강추 정말 재밌습니다.,1
보고 느끼는 걸로... 충분한 다큐멘터리... 나도 이렇게 건축이 변했으면 한다.....,1
소름돋았네요~~ 게임이끌어 가는 장동민을 보고배우고 가네여!! 멋졌어요!,1
전쟁을 통과하는 한 가족의 모습과 가장의 심정이 잘 표현된 영화입니다.,1
"Underworld: Awakening, 2012",1
엄청 지루... 이렇게 이야기를 풀어내면 안 조는 사람이 없을듯,0
구낚아님 아랫립 나참조심,1
스토리도 개판 그래픽도 개판 2014년 영화맞나여?,0
스토리 사이에 연결고리가 하나도 없다.,0
이 영화는 재미가 있고 하는게 아니라 포르코의 멋진 중저음의 매료될 수 있는 충분한 영화이다 게다가 중간중간에 나오는 던지는 듯한 말투도 정말 멋있다.,1
명작이에유.,1
재밌어요. 대단한 창작욕와 창의성이 본받을 만 합니다. 70먹은 나이에도 여전히 왕성히 활동하고 노트를 여러장 틈틈이 써서 영화 소재로 사용하고요. 17살부터 스탠드업코미디언으로 부모보다 많은 돈을 번 우디 알렌!,1
끝까지 보았다면 당신은 큰 일을 할 수 있는 대단한 인간이다.,0
정말 쓰레기다. 감독도 다음작품 내지도 못했음 ㅉㅉ 여자배우 몸이라도 이뻤으면,0
허세중2병을극대화한영화 수준은중학생한테도 간당간당한데 수위는 쓸데없이높다,0
"그렇게 아버지가된다를 본후 이감독 영화는 모조리다 찾아봐야 겠다,,",1
어렸을 적 느낀 감동,1
정말 재미있게 봤어요.... 울다가 웃다가 ^^,1
허각이 되어야죠^^ 존박이 잘생겼나요?? 내보다 못생겼구만;; 감동이 있는 허각 허각,1
"10대 김우빈 좋아하는 여자라면 보시고, 그게 아니라면 시간 낭비. 다 보시고 후회하지마세요~ 각본이 문제임",0
이게 영화냐??? 초특급 감독...배우...이렇게 망치기도 힘든영화다~~~ㅠㅠ,0
추억을 넘은 철학.,1
"감히, 최고 중의 최고였다고 말하고 싶다.",1
매우 지루하다. 사건의 재구성식으로 인물에 따라 씬을 나눈 것이 그나마 지루할 때쯤 환기시키는 효과는 있지만 그걸론 역부족.,0
그냥 영상미하고 배경을 잘만들었는데 역시인간의타락주된모습일뿐 그냥그이상으로 스토리는별로입니다.,0
여고생들이 죄다 이러나?,0
내가 제일 좋아하는 영화!!,1
브라보,1
꼭 챙겨보세요...여운도 남고 예술과 함께한 좋은시간이었네요,1
주관적이지만 돈은 아깝지 않았던 영화,1
이딴건왜또만드냐,0
ㅎ...할말을 잃을 듯한 영화...,0
시간이 남으면 봐도 무방하다.,0
거짓말 안보태고 이영화 10번 넘게봤다 연말엔 꼭 보고 중간중간 생각날때마다 봤다. 너무 재미있고 감동적인 영화다.,1
현재 내가 살아가야 할 방법을 알려준 영화. 바꿀 수 있는 것과 없는 것... 그리고 이런 것들이 맞물리며 흘러가는 시간들... 매번 고민에 빠지는 내게 힘을 주더라.,1
"재밌을 법한 소재인데, 소재를 잘 살리지 못 한 듯",0
bitch,0
스텝업 2보다 이게 높다는 게 말이 되냐? 알바 풀었는데 아무도 안봐서 알바 평점만 넘처나는 사태 ㅋㅋㅋㅋ,0
남자배우넘싸랑해요!!!연기력넘좋아요~♥♥♥,1
그래도 당신 2 ??끝나고 아쉽움은 있는데 오늘 드라마에서 업그레이드 그래도 당신을 보는거 같았어여스토리가 갈수록 뻔해지는거 같아요~~한침 잼나게 보고 있었는데 줄거리를 길게 하려고 짜집기 형식의 드라마를 보는거 같아 별루인거 같아요,0
차라리 월화드라마 초한지가 나음.. 전혀몰입되지도 않고 이야기가 이어지지않고 미래와 과거를 왔다갔다하는 정신없는영화였음 중간쯤보다 나와버렸네,0
너무 진부해,0
시간에 쫓겨 돈 빌리러 다닐 때의 긴장감이란...,0
그만좀 해라 탐욕스런 종교왕초 외에 아무것도 아니다. 천주교가 좌좀에 붙더니 감성팔이에 여념이 없다. 예수부활 안믿어도 착한일 하면 천국갈거라는 교황 말듣고 놀랐다. 이제 자기 말이 성경도 엎선다는 건지..난 기독교인 아니다 천주쟁이들아..개독교도 싫,0
소재가 이랬어도 그 속에서도 삶에 대해 진정 하고자 하는 말이 담겨있는 영화일거라 생각했는데 그냥 가슴쳐진 백인 여자들이 돈주고 부른 젊은 흑인남자 거시기 세우려 경쟁하는 장면에 제일 공들인 영화.뿌옇게 모자이크된 남자 거시기가 역겹도록 지겹게 나올뿐,0
재미없다 무슨 스토리인지 이해도 안감,0
여자친구랑 보러 갓다가 진짜 아직도 영화보러가자고 하기 민망하다 OO,0
재밌는데ㅋㅋ,1
진짜 명작이다 이건.. 너무 인상깊게 봤네요. 잘 배우고 갑니다,1
솔직히 무슨 내용인지 이해하기 힘들었음.,0
내 눈이 썩는다....,0
애니에서 끝내야했을 가필드.,0
"옛 노래를 듣게 되면 그 노래를 듣던 그 시절로 되돌아가듯 정무문을 보면서도 다시 돌아오지 못할 그 시절이 그리워져 왠지 울컥했다. 짝사랑했던 노라 미아오, 둘도 없는 나의 아이돌 이소룡..이들에 열광했던 그 시절이 벌써 40년 전이라니..ㅠㅜ",1
"히든싱어는 유명한 곡, 히트곡 뿐만아니라 잘 안 알려졌어도 듣기 좋은 곡들을 다시 들려주는 방송프로그램이라고 생각한다. 특히 김광석 편의 경우는 불가능을 가능으로 바꾼 감동을 선사하기까지 했다 또한 각각의 모창능력자들의 사연은 대중에게 큰 감동을 준다",1
하긴 이런영화에 평점 남기는 사람들이란 머..평점이 하도 어이없어 나도 남기네,0
인상 깊은 드라마,1
최고의영화! 잔잔한 흐름에 큰감동ㅠㅠ 어머니마음을 잘 그려낸듯합니다,1
멕라이언 연기를 잘한다고 생각하지 않았지만 이영화만은 제외인것 같습니다.,0
"이영화가 재미없다고 느끼는사람들은영화를 볼줄모르는 초딩들일것이다그들은 액션,유머,감동만있으면 그어떤 쓰레기영화도 재미있기마련",1
매우매우 만족합니다 ^^,1
아랍 사람들을 바보로 만들어 버린 영화.,0
이런 꿀잼영화는 더 많은 사람들이 봐야한다,1
오랜만에 기억에 남는 영화였음,1
극사실주의에 기반한 다소 불편한 영화,0
마지막에 막장으로흘러가버렸지만 스토리도좀탄탄한것같고 교훈적인 내용도 많아서 좋았다. 그래서 마지막 까지 난 메이퀸곁을지켰다.,1
처음부터 끝까지 징징대기만 하는 여주인공 때문에 짜증났다,0
연애 이전에 한 여자의 사랑과 인생이라는 관점에서 잘 표현했다. 서세한 표정과 대사 하나하나....잔잔한 영상을 통해 너무 잘 이끌어낸듯.,1
웃기려고애쓰지않는데도 일상적인 말속에 코믹이...ㅎ,1
성장과 동심을 빌미로 꼴사나운 종용을 일삼는 화합의 실태.,0
솔직히 이거 평점 너무 막주는거아님?,0
아주 좋은 드라마였다 ~!재미있게보고있었습니다.차관 우 캐릭터가 좋았다 ~!괴로운 장면도 있었지만. . . .윤상현 배우 님의 새로운 모습이 었지요일본에서의 방송 기다리고 있습니다.즐거움 ~! ! !,1
너무사랑스럽다~~굿~,1
각본이 훌륭하더라도 감독이 연출이 딸리면 그영화 망하지 ㅋㅋㅋ,0
어휴 이거 영화니?,0
어제 보고 왔는데 짱잼~! 정말 흥미로웠어요,1
간디가 간디언젠디... ... ... 개봉했음?,0
대체 무엇을 표현하고자 했는가,0
대중적인 매니아틱.. 잘만든 장편애니매이션 하나,1
최고의영화 거의음악은안나오는거같네요 고의로...,1
진심감동명작ㅠㅠ,1
파워레인져 정글레드가 나오는 영화. 남자주인공이 바람둥이임.,0
돈좀 들인 헐리우드 비디오영화 수준..,0
..... 할말없음,0
그냥 좋은 차 많이 나오는 영화,0
어떻게연기자가 연기를못하냐 ..내용유치한것도매력이라치지만 좀..너무유아틱하다,0
"관람전 평점이 관람후보다높다,진짜 알바란 존재하구나",0
일본침몰 안한다면서요??,0
옛날생각하고 봤는데..눈버렸음,0
볼수록 할말없어짐.,0
"""""""이 영화에서 볼 만한 것은 제시카 알바의 샤워씬과 탱크탑 모습뿐이다"""" 라는 평이...""",0
반전이 묘미네요 ㅎㅎ,1
왜!!!,0
한순간도 눈을 뗄 수 없을 정도로 재밌고 감동적인 것 같아요,1
불쾌하기만 코미디,0
자연스럽게 1점 주고 가네,0
지루하진않았다만.. 허접.억지는 어쩔수없네. 마지막장면은 그끝을보여주는거구 ㅠㅠ,0
이상햌ㅋㅋㅋㅋㅋㅋㅋ,0
ㅎㅎ,1
현재 우리에게 가장 필요한 영화,1
ㅡㅡ.. ★★개 주려다 원작생각나서 그냥 준다 ..,1
좀 짜증남..,0
원숭이를 믿어도 될까?... 열라 웃겼다,1
잘만들어다,1
미친 영화 미친 영화 미친 영화 미친 영화 미친 영화 미친 영화 미친 영화 미친 영화 미친 영화,0
꼭 여성에 대한 관점이 아니더라도 사회적 기준을 넘어선 스스로의 삶의 주체성에 대해 생각하게 만드는 영화. 여운이 남는다.,1
유치하고 억지스런 연출,0
좆노잼 진짜 극혐임 시간낭비,0
원맨쇼의 정도가 점점 심해진다,0
개노답 발연기 시간아깝네 알바새끼들,0
옛날 생각나네요 ㅋ 이때당시는 소름돋고 무서웟움 ㅎ,1
지구상에서 가장재미없는 영화임 별점 0점주고싶은데 어쩔수없이 주는 거고 도대체 10점 주는사람은 왜 그렇게 주는 지 모르겠다 이 영화는 박찬욱감독이 만든 영화중 가장 큰 실패작이 될것 같음,0
3배 빠른 '그분'이 나오는 영화,0
극장에서 안봤던 불운한 사람들은 평점 낮게 주는거 이해 감.만약 극장서 봤으면 별 10개도 부족. 진짜 당시 혁명이었다.,1
보다가 말음 ㅅㅂ 이게 뭔 명작이야 심지어 내눈엔 코넬리도 별로,0
충격과 경악이다.. 특히 마지막 장면에서 감탄..,1
그냥 콜오브듀티 플레이영상을 영화화 시키는게 현명할 듯 하다.,0
이성재가 다시 보이네 와이프랑 애들보기 부끄럽지 않을까 우째 저런영화를 찍었을까 유부남이,0
내가본 애니매이션중 짱이다!!,1
인간적으로 스크린 점유율 너무했음...메가박스에서 봤는데 첫개봉일에도 상영시간은 2번밖에 없고 상영관은 코딱지만하고...그래도 본 보람이 있음 갓무스ㅜㅜㅜㅜ믿고보는 스텝업...스토리를 보겠다는 생각은 3부터 버렸음. 댄스랑 사랑만 있으면 됨ㅋㅋ,1
"보는내내 긴장을 하고, 거북하지않게 잘봣음.",1
많이 부족해도 귀여운걸.,0
그나마 유승호연기가 볼만함,0
처음 애니를 만든 그들의 꿈과 열정이 묻어나는 작품.,1
영화 내내 재미있고 멋있어서 어떤 결말일까 어떨까 하다가..이게뭥미ㅡ_ㅡ;;,0
1점짜리 평점 뭐야 ㅋㅋ 솔직히 7점정도,1
오히려 이 영화 10점 준 사람들 의도를 모르겠다,0
명작.. 더이상의 설명은 필요없을듯..,1
본방사수로 보게 된 드라마 손현주 연기 진짜 잘 하신다,1
졸라 재미없음,0
기대를 너무 했나봐요 ㅎㅎㅎ..,0
tv 전기세가 아깝다!!,0
이 시간대 볼만한 드라마도 없고 이서진 얼굴볼라고 참고 보는데 진짜 너무 재미없고 지루해....,0
난재밌게봤다의과생하고팀주장이메시하고라모스닮은것도되기재밌었다실화라는것도놀랍다별점낮게중에중에인육어쩌구하는애들은니네도저상황에가봐 안저럴수있을지,1
실사판이 이정도면 뭐.. 액션씬은 나무랄때가 없네,1
어둠속의 댄서에 이어 나를 울린 라스 폰 트리에의 작품,1
너무감동적이다너무너무,1
머..이런 영화가 다있어......대화 뚝뚝 끊기고 이해도 안되고..,0
박중훈은 역시 깡패역활이 최고!!!!,1
"안주시 시민들은 좋겠다.. 정말 멋진 시장님을 둬서.. 실제 존재한다면 인주시로 이사가고싶다!! 마지막까지 재미와 감동을 준 드라마, 10번 이상은 본거 같은데.. 언제봐도 너무 좋은 드라마.. 봐도봐도 또 보고싶은 드라마 내 생 최고의 드라마 ★",1
보고 기분나빠지는영화 정신병올거같음; 그와중에 남주아저씨 팝콘먹으면서 영화볼때 졸귘ㅋ,0
"이 좋은 컨셉으로, 이렇게 불량품을 만들 수도 있구나! 안면인식장애로 상대의 얼굴이 바뀌는 건 알겠는데.. 음성은 왜 바뀌는가, 대체?? 얼굴이 계속 변한다는 설정때문인지.. 캐스팅이 형편없고, 그래서 밀라를 뺀 모든 배우들의 연기와 발성이 최악이다.",0
중세시대명작. 굿 평점이왜이래,1
기욤이 아망딘을 통허 자사의 정체성을 찾는 과정이 흥미로웠어요!기욤의 어머니의 복잡한 마음이 그의 게이같은 행동에 영향을 끼친것도 신기했구요,1
불끄고 새벽2시에 창문열고 혼자 보는 영화는 안무서운 영화 없다 그게 이 영화 한계,0
최고ㅠㅠㅠ배우들 다 연기잘함♥♥♥아 호텔킹 짱,1
이 영화를 보는것 만으로도 내내 행복했습니다~ 잘되길 바랍니다~,1
재밌고만 ㅋㅋㅋ,1
그냥 야설 읽는게 낫다..,0
기대되요 ! 사다코2 짱,1
길고지루하고어려운내용,0
곰돌이 푸 대게 귀엽고 사랑스러워요.정말 감동깊은 애니메이션입니다.,1
ㅋㅋ재밌겟다.,1
채민서도 끝났네....,1
굿굿 즐겁지만 굉장히 멋잇는 영화,1
허비하는 폭력은 곧 자신에게 향하는 것을.,0
"타인에 대한 용서가 갈수록 힘든 이 시대에 어린 친구들과 함께 보아도 손색 없을 듯! 가족, 친구, 우정, 복수에 대해 많은 생각을 하게 만든다. 적절한 긴장감도 있고 아름다운 영상미도 있어 매우 몰입해서 본 영화!",1
영화보다가중간에댓글쓰긴처음이네.주인공은 어디서구한거임?? 개발연기제대로네,0
아니라고 말하고싶은 유치한 일본식 연예 애니메이션..,0
이청아 리즈시절 ♥♥♥♥,1
진짜 몰입해서보다가 짜증나기도하고 속상하기도하고 죙일기분나빳음ㅋㅋㅋㅋ배우들이 매력있었어요 영상미이쁘고 끝 포스터에 낚였음그냥...,0
악 !!!! 짜 증 나 .,0
"진짜 재밌네 ㅋㅋ 이런에 영화지. 사부 어이없게 당하고 의외로 칼로 다 해결하다가 막판에., 사운드가 세련되고 나름 연출이 돋보이는",1
"이런 말은 안하는 편인데, 2010년에 가장 실망했던 OOO급 영화중에서 수위권이다.",0
"더우니 생각나넹, 시원한 파도~~",1
유익한 정보였습니다.,1
"혈압 뻗쳐서.. 욕을 안할래야 안할수가 없다.. 정유경 작가X, 연출... 쌍으로 아주 능력이라곤 없다.. 저런 사람들이 쓰래기 드라마를 만들어서 수많은 시청자를 힘들게한다.. 대본도 구닥달이고 스토리고 제대로 된게 하나도 없다. 연출도 시망..하..",0
인디애나존스3에서 감명받은 감독이 좋은 원작을 가지고 우뢰매를 만들다.,0
비디오판을 보고나니 모든게 시시하다,0
10년도 훨씬 전에 본 영화. 아직도 내가슴에 추억으로 남아있는...ㅎㅎ,1
"진짜 가슴이 훈훈해 지는 영화.. 최민식의 연기력은 정말 최고 인듯.. 처음으로 댓글 쓰고 갑니다 ,,",1
딱히 평을 남길거리가 없다,0
우왕~쩐다 'ㅅ'/,1
역시 북미박스옾1위했던것들은 다 평타이상치는듯ㅋㅋㅋㅋ,1
이제 제발.. 그만...,0
홍콩영화 즐겨보는데 tv방영하게 해주셔서감사합니다,1
주제 없이 두리번거리며 겉핥기에는 인터뷰이들이 아깝지 않으우?,0
아..제임스맥어보이 타고난배우,1
대학생활에 대한 환상을 심어줬던 내일은 사랑. 너무나 찬란하고 빛나보였지. 대학물 중에서는 최고!,1
생각보다 너무너무 재밌어요 영화관에서 볼걸 아쉽네요ㅠㅠㅠㅠ,1
진짜 최고입니다.. 전쟁이랑 멜로를 잘버무린 명작,1
"이광필,이것이 바로 우덜식 민주주의다 나하고 의견이 않맞으면 무조건 숙청인거다.",1
셀리아는 보면 안다 가슴이 큰여자는 마음씨도 넓다능~,1
내일 아빠랑 마테오봐요~~~,1
6점대라니 숫자가 거꾸로 된 거 아니야?,1
난 극장에서 봤었다 -_-;;;;;;;;;;;;;;;;;;,0
딴생각한번안하고재밌게본영화여자임에도불구하고액션이넘멋있게느껴졌음,1
어떻게된게 탑건보다 재미없냐...긴장감도 없고...,0
별한개도 아깝다. 갈수록 개판이네.. 어이가 없다.,0
현재까지 서양 스타일리쉬 느와르의 정점.,1
이것도 영화라고 디월리스의 열연에 박수를,0
1980년을 열게한 공포영화... 공포는 갈수록 고조되어간다.,1
아오 씨밫ㄱ 이게 영화임?,0
죄송하지만.. 도하라는 캐릭터를 맡은.. 고성희씨가 연기를 못하네요..월화드라마가 좋은게 없어서 그냥 이거나 보고있는데 왜 아직까지 좀더 발전하지 못한 배우를 여주인공으로하죠? 여주인공때매몰입도도 떨어뜨리고그.김성오만 잘하는거같네요판타지도진짜아닌거같고,0
모 그닥 이정도 별까지는 아닌듯,0
MCU를 이 영화로 시작한게 신의 한수인듯,1
출연하는 여배우들이 상당히 이쁘네요 ^^ 소재는 흔하지만 완성도가 높아 마치 드라마 한 회를 본 것마냥 몰입도가 아주 강했습니다 이 영화는 속편부터 본격적인 시작이 되지 않을까 생각되는군요,1
드라마 친딸찾는거 너무 슬프네요 인혜힘들게 하지말고 빨리좀찾아주세요 똑같은전개 너무 끈다 답답함,0
이영화의 시나리오는 완벽에가까운 글쓰기이다,1
그저 달달하구만...노조미 완전귀요미ㅠ아 나도 저런사랑이 찾아왔으면,1
이걸 대체 어떻게 찍었을까... CG 라고 하기에는 말이 안되는데..,1
무협영화의 수치,0
어떻게 이 영화에 별점을 낮게 줄 수 있겠는가,1
레옹 안본자 평가하지마라.,1
의도한 바를 충분히 끌어내지 못하고 장치적으로도 많이 어색했던 영화,0
후회는 없어요. 이제부터 시작이니까 당신과함께,1
마지막에 울었었던 기억이 있네요... ㅇㅁㅇ,1
연기 드럽게 목하는색이가 무쉰 주인공 한다고... 담부터 절대 연기하지마라 OO아,0
감독 자질 문제라고 밖엔,0
임진승 감독 (?)의 소위 '입뽕' 작품인데 이번 삼류 영화를 계기로 다른 직업을 찾아 보심이 어떨런지요.,0
정말 미치도록 아름다운영화 정말 잘만들었다.. 순수한 우첸롄 너무예쁘다. 이처럼 아름다운영화를 왜 우리나라에선 못만들까.. 영와음악까지 너무나 감동적이였다.,1
가슴 깊숙한 곳에서 화가 치밀어 오른다,0
재미있다. 역사적인 내용도 알수있어 좋앗다. 근데 끝나고 뭔가 알수없는 공허함이 있다. 재밋고 좋은영화임거같은데 잘 모르겟다,1
"최민수 힘준 영화싫어하지만, 영화자체로 봤을때 90년대 중반 액션작품중에서는 수작",1
견자단을 만든영화 정말 재미서요!!,1
이딴 영화가 무슨 공포물이라고...차라리 13고스트가 더 낫지 싶네요,0
정태랑 옥련이랑 잘됬으면ㅎ,1
제목 참 잘지었다 진짜. 보고나니 먹먹한 기분,1
이나영 넘 귀여워 ㅋㅋ 귀여운 영화인거 같다.,1
어설픈 원스 분위기...하지만 음악 영화라고 할 수는 없다...,0
쓰레기 영화...엄청 지루하고. 진짜 재미없음. 씨발,0
최고의 반담영화.,1
설정에 개연성을 둘 수는 없는 장르이지만 그래도 이야기에는 개연성이 있어야하는데 실버서퍼가 이야기에서 맡은 역할이나 갑툭튀한 빅터등 여러가지로 아쉬운 부분이 많다. 줄거리는 다분히 저연령대를 의식하고 만든 영화다웠지만 연출은 너무 유치했다.,0
재밋어요ㅋㅋ!,1
엘런 파커는 대단한 감독이지만 내용은 주관적인 왜곡의 대향연.,0
반전에 이은 제2의 반전! 괜찮었습니다. 긴장감도 괜찮았고~ㅎㅎㅎ,1
요즘 시대에 맞는 영화 아닌가? 진짜 미래를 내다보고 만든 영화이다.. 거기다가 재미까지..,1
책은참재밌게봤는데... 전개와 연출이참,0
웃음도 없고 이건 뭐,0
이정도면 대단하지 않나~~~헐~~~첨엔 지루하다 느끼다가 몰입~~와우~,1
내용이 넘 끊어져요. 다시는 보고 싶지않아요_,0
後部よし、信?よし！,1
역시나 무조건 만점임다,1
역시 숀펜. 총싸움 영화를 숀펜이 명작으로 만들었다.,1
아무것도 남는게없는영화,0
제목의 PS가 폰섹스였다는걸 영화 거의 다보고 깨달았다,0
진심개판이다 책에서 본거보다 더 내용이 배로적은거 같음,0
재밋네 ㅋㅋㅋㅋㅋㅋㅋㅋㅋㅋㅋㅋㅋㅋㅋㅋㅋ,1
스칼렛 요한슨이 나온다능 !! 중학생이라는게 함정,1
참재미없구나진짜정말,0
울었어 나만 운건 아니겠지?,1
매우 이상적인 영화.,0
제시카 알바의 발연기가 일품,0
극장판 결말도 마음에 들었지만 개인적으로는 감독판 엔딩이 더 여운이 남았다.. 정말 최고의 영화다,1
괜찮은데? 허나 알리슨 로먼이 벗은건 충격 -_-;;,1
결말없고 스토리 내용 전개 빈약,0
재밌었어요!! 굳굳♥한국에서는 인기를 못끌어서 안타깝네요다시한번보고싶은영화!,1
디엠비로 본사람이 많군 저도 디엠비로 봤는데 추천,1
돈 안내서 다행이네 그래도 시간 버렸다,0
컴퓨터 전기세가 아깝다 !,0
초반엔 진짜 흥미진지 했는데 후반부로 갈 수록 많이 루즈해지고 지루해짐,1
진짜지루하고반전스릴러중에진짜재미없는영화,0
늘 잠들기 전에 보는 애니메이션... 이제 대사도 다 외울 지경이지만 그 감동은 여전하네요 정말 좋은 영화입니다,1
기독교인들없엇으면 가능햇겟음?,0
재밋기만한디ㅋㅋㅋ짱임!,1
대박~이런 영화도 있구나ㅜ,0
내 생에 본 전쟁영화 중 가장 실감나고 재밌는 영화였다,1
빅뱅,1
장진감독의 영화 아는여자 표절도 아니고 완전 뭐야 이게;;,0
주제만 확실할 뿐. 재미적인 부분을 심각하게 놓쳤다. 제일 문제는 그렇다고 악평을 하기는 좀 미안한 마음이 들게하는 제일 짜증나는 종류의 영화,0
내생애몇안되는 최악의 영화..,0
더 많은 사람들이 이 영화를 보길 희망함,1
"이게 대체 왜 이리 높지? 스토리는 개엉망에 개연성 0&, 연기도 어색... 물론 그냥 3류 에로영화랑 비교하면야 모두 면이 우월하지만 비교대상이 보편적인 영화가 된다면 최하급. 단 한가지 장점은 야함. 하지만 그마저도 의젖;; 그래도 그걸로 2개.",0
"사랑과 전쟁이 이거보다 훨씬 연기,연출,각본이 좋다. 한마디로 시간 낭비 졸작",0
요번에 다시 보게 되었는데 옛 생각나네요.,1
극장에서 본 이들에게 애도를.......,0
1편이 진리 ...,0
쭉쭉 늘어진다,0
완전 재밌네요....^.^ㅎㅎ,1
별기대도없이봤는데도 날 만족시키지못한영화ㅠㅠ하이틴원래유치하지만이건너무ㅠㅠ,0
린즈링이 아깝다.,0
이 영화를 보고 암이 나았다...평점깍아내리는 아래 낚시글 쓰는 이기적인놈들아 고만좀 해라...좋은건 나누는거다 ...,1
영화 내내 배경이 밤이라 어두워요. 아이들이 보기에는 폭력적이고 무서운 장면이 많아비추,0
15년 전쯤 본 영화인데 아직도 그 향기를 잊을 수가 없네요.,1
한국 액션 영화 인 줄 알았다. 비루한 액션에 구멍 숭숭난 플롯은 헐리우드 액션영화 라는 성문도 허물어 버렸다.,0
3편 이후론 이 시리즈를 보지 않게 되었다. 식상하고 실망스럽다.,0
부담없이 볼수있는 좋은영화입니다 추천!,1
혁명은 몰라도 크리스마스는 있었다 ㅋㅋㅋ,1
내 생애 최고의 영화,1
프랑스식 유머가 나한테 잘 맞는듯!! 정말 재밌게 봤다. 꼬마아이들도 순수하니 귀여웠음!,1
"아니 잠깐,여기서는 남자, 각성에서는 여자?",1
재밌는데 평점이 왜이래?,1
명작. 아직도 가끔 찾아보는 영화.,1
"누구에게나 가슴에 숨겨져있는 따뜻한 감정이 존Q를 통해 보여졌을때, 눈물이 나왔다. 우리모두가 소중한걸 잊고있지않나라는 생각이 든다. 여러분, 일상에서 타인에게 친절할수있는 사람이 됩시다^^",1
왜 이런 영화들은 재미가 없는 걸까요??,0
여성을 행복하게 하는 미세한 떨림. 유쾌한 로맨틱 코미디,1
언제 이렇게 평점이 올라갔을가,0
언제 터질지 모르는 불안함 속에서도 빛나는 10대 소녀들. 비극적이었지민 조용히 아름다웠다.,1
후하게 2점,0
"역시 원작을 넘기 힘듦. 재탕의 한계. 스토리, 소재 모두 예상 가능하다 보니 재미가 반감됨. 이제 어떻게 잔인하게 기발하게 죽이느냐만 남는.",0
시대 배경만 매력적 .,0
아스트랄하다..야하다고 세계가 인정핶다는데..그런건 어디서 인정하냐?,0
비디오가 있었군.,0
정말 재미있게 봤었지. 적어도 해운대나 써니같은 OOO기 영화들보단 낫다~,1
더빙이 다 망친영화.애니에 정말 안어울림.. 코끼리행동완전귀욥목소리땜에 징그러움,0
진짜 편한 마음으로 봤는데 내 눈물까지 본 영화 ㅜㅜ감동적이고 계속 더 봐도 마음 훈훈해질것 같아요... 더빙판도 정말 자연스러워서 좋습니다!,1
말이 필요없는 .................시간이 지나도 넘 멋진 드라마!! 은찬아 보고싶다~~~,1
유오성의 비중은 낮지만 그래도 내용도 있고 나름 괜찮았던 영화,1
"386 과 X GENERATION의 간극을 느낄 수 있는 영화.설정의 미장센은 관조적 관찰자와 화자의 중간지대를 제공한다. 카페 주인은 세상 물정을 모르는(말도 안돼는 보증으로 사채업자에게 고생하고, 386의 치열헌 고민은 농담으로 점랃한다",1
재밋게봣어요,1
옛날초딩시절 집에 비디오로 소장하고있었던거라서 접했던 흥미로운영화... 조지오브정글과함께 추억이느껴지는 영화라서 좋았다. 생각날때마다 이상하게 포근해지는느낌이다,1
재미있겠다...,1
소림축구와 쿵푸허슬을 결산하는 영화,1
실망... 실망....,0
감동적 다큐영화 조아요,1
"남녀의 서로 다른 소유에 대한 욕망과 그 충돌,,접점은 없는가?",1
"아름다운 한국영화, 널리 안 알려진게 안타깝다. 배창호 최고 걸작.",1
정말 재밌다.. 이런 판타지 힐링되는영화 너무좋다,1
긴장감을 놓칠수가없었던 영화다,1
원피스 극장판 중에서는 재미있는듯ㅎㅎ 스트롱월드 다음으로 재미있따^^,1
영화계의 현실을 진솔하게 보여준 지표같은 영화!,1
배는 왜 가르고 그러는지 원...,1
꼭 보세요! 두 번 보세요! 블루레이도 지르세요! 나만 당할 수 없다!!,0
진짜 짱짱!!! 완전재밌어요♥♥,1
그냥 이건 최고의 영화다,1
재밌었는데 왜 내가본건 노출이 나왔지..15센데..,1
로다주 특유의 그 넉살연기가 너무 좋다,1
이걸 왜봤짘ㅋㅋ 도라에몽 극장판 재밌다고하는사람들 정말 이해가 않되ㅋㅋㅋ,0
상영 내내 싸움만 하는듯...,0
어릴때 재밌게 봤구 지금봐도 재밌는 애니...@_@,1
(..) 바보야..... 원래 판타지 원작 드라마. 인물묘사와 배경이 잘 어울어지는 수작.. but 시즌1에 비해 시즌2는 많이 지루함.,1
어설픈 흉내내기에 불과한 성급한 리부트,0
그 당시 암울한 한국을 잘 그렸다. 지금도.. 일려나?,1
나 이거 군대에서 봤는데......10점을 줄수 밖에 없네..,1
ㅋㅋㅋ 도대체 뱀은 왜 나왔단 말이냐? ㅋㅋ,0
더 이상의 악몽이 없기를..,0
한정 된 공간에 ㅄ 같은 스토리,0
ㅎ,1
초반에는 날뛰는 스킨헤드들의 짜릿한 반항기인줄 알았는데 무거운주제로 다시한번 더 생각해보게하는 영화,1
ㅎ,1
동물들의 따뜻함을 보여주는 영화엿어요.,1
역시 명작은 다르다...사람의 심리를 절묘히 비튼다.,1
"아만다 사이프리드, 줄리안무어,리암 리슨, 맥스 티에리옷이 나온다... 그냥 10점이다 내용도 연기도 좋앙",1
헐리웃영화를 좋아하던 나에게 일본영화로의 길을 터준 영화. 매우 좋은 영화.,1
요즘초딩들은 이재미를 모르겠찌 ㅋㅋㅋㅋㅋㅋ,1
저평가된 007,1
시간 때우기에는 쓰레기 킬림타임용 한쿡영화보단 이게 낫다!,1
"관계와 오해, 상황으로 빚어지고 파생되는 일상적이면서도 특별한 사람사는 얘기엔 최고 레벨에 다달은 듯한 감독, 그걸 완벽하게 구현해내는 배우들의 폭발과 절제까지 최고, 인터스텔라 이상의 몰입도를 끌어내네.",1
이해는가지만그래도..친구의마지막까지그런부탁은좀..;;암튼정말괜찮은영화!!,1
심각한 메타포로 위협하는 강력하고 묵직한 서부극,1
정말 재밌는데 평점이 낮네요...,1
너무 감동적이고 잔인한데 재밋어요^,1
진짜 야하네,0
휴~ 이래서 난 로맨틱 코미디가 싫다.. 너무나도 뻔한 스토리..,0
"어렸을적 참 재미있게봤는데,,오맹달 닭소리내고",1
역대 오디션 프로중에 가장 재미있고 감동적이다!!! 꾸밈이 없고 솔직한 방송이다!!,1
쓰레기네 이런걸 비싼돈 들여서 수입해오냐 ㅉㅉ완전 심형래 수준영화네,0
맞다 나도 미치게 했다 다시 정신은 들었지만서도,0
현실적이지 않은.. 무턱대고 남자들따라 차탄거만 빼면...,0
무슨 말이 필요하겠나...,1
남자 지만.. 김수현 때문에 본다 ..,1
끝내주는 둘리였십니다,1
토니의 눈이 너무 슬프다,1
이걸 본 사람도 대단하다,0
제프 브리지스의 연기력 다시한번 놀라게 하네요. 음악도 너무 좋았습니다.,1
애가 지루해하네요. 하지만 어른들이 보기엔 그럭저럭 괜찮다.결국 어른용이군.,0
진짜 짱,1
GOOD~!,1
평점 조절. 시도는 좋으나...오그라든다,0
"제이슨과 쌍벽을 이루는 살인마, 작지만 강하다.....",1
스토리가 막장필 안나고 진짜 좋고 다음다음이 정말기대됨 거기다가 배우들 발연기없어서 완전좋음 신선했음 ㄷㄷ,1
기똥차게 어이없는 마법의 계발서,0
보면서 울컥했어요 정말 공감의 드라마!!,1
영원히 국내에 소개할 필요가 없다.,0
재밋어요,1
내평점 도대체 춤 못추는 여주를 왜 캐스팅한거지 스텝업만 봐도 다 춤 좀 추던 배우들 캐스팅했는데 그리고 스텝업 댄싱나인보다가 이영화 보니까 퀄리티가 한참 아래다;;; 춤은 안추고 그냥 몸만 흔들고 있음,0
감동도 있고 미소도 짓게하고,1
올레티비로 봣는데 제대로 낚엿네요 씨지가 80년대 만화수준이고 태풍이불어서 나무가 뽑히는데 헬기는 한치의 흔들림도 없고 사람들의 머리는 젖지도 않고 왁스 발라져잇어요 ㅎㅎㅎ 아 바닥도 안젖더군 ㅎㅋㅋㅋ이게 무슨 영화여,0
정말후진드라마~~!후처또한벌받어야쥐남편아이가아닌다른사람아이를가진건불륜이징,0
아ㅋㅋ그저꼐 시혐기간에 누나랑 모르고봤는데 진짜 완전재밌게봣어요 ㅋㅋㅋㅋㅋ,1
리메이크작 한번더 나왔으면..,1
초등학교때 맨날 봤던... 추억의 미녀와 야수..,1
개1쓰래끼 3류아다 영화 중이병영화 보지말아라,0
같은 영화 두번이상 안보는데 이건 세번 봤어요.개인적으로 김동욱(왕) 연기 넘 잘하고 좋더라구요,1
아무 생각없이 평점 안보고 영화를 보다가 마지막 엔딩에서 소름 돋는걸 느끼는 내모습이였다... 몇번을 봐도 질리지 않고 볼 수 있는 영화 ㅠㅠ 다크나이트 시리즈,1
애지떄문에가정망가지네ㅉㅉ불쌍하다고민중지딸도못알아보고그러고서도아빠야?50화떄고민중죽으면짱,0
돈벌이를 위한 개 쓰레기 돈벌이에 놀아나는 서빠 개 ##들 너희들은 서태지한태 돈물어다 바치는 *에 불과해.. 정신차려라 &&들,0
장난하냐? 알바색히들아,0
"전개 방식이 독특해서 2점. 그걸 빼고나면 습작수준. 더불어, 의도가 뭐였건 여성의 순결에 집착하는 모습은 풍자를 넘어 참고보기 힘들정도다",0
넘 심각하게 못 만들었다...영상미에서는 괜찮았다...그런데..스토리나 고외 모든것이...긴장감 없는 스토리도 괜찮다.그러나 너무나 말도 안되는 전개..도대체 건장한 성인 남자인 Mbc가 강소라를 추격전끝에 잡지 못하는가....,0
재미있다고하는님들 정신줄잡으세요,0
이수작의 평점이 이것밖에 안되다니...ㅠㅜ,1
더무비채널에서 이영화하길래 봤는데인터넷에 벽지에 묻은 피어떻게 지우나요라고적고 자연스럽게 하수구청소용품 광고 나오는데 영화장면인줄ㅋㅋㅋ,1
쓰레기 함부로 버리지 맙시다.,1
9점은 확실이 넘는 영화. 잘 만듬,1
액션도 아닌 그냥 휴먼드라마...영화로 보기엔 돈이 아깝고...티비로 보기엔 시간이 아까운...정체불명의 영화,0
이정도면 죽기전에 한번이라도 봐야한다고 봅니다,1
남는게전혀없고 찝찝하기만한 그냥3류,0
내가 좋아하던 강철인가?.. 약간 부족하다.,1
차라리 다큐를 만드는게 나을 듯..,0
말이필요없는 명작오드리헵번 사랑해요!,1
용두사미,0
잔뜩 기대했는데 실망,0
당시엔 너무 재밌게 본거같은데 지금보면 손발이 오글거린다ㅋㅋ,0
감독 종북세력 확실하다.,0
정말 최고다~~ ^^;,1
부모 자식 애증관계를 확실히 보여준 드라마,1
차라리 왕건 보는게 낫다,0
쓰레기 자체 임.뭔 의도의 영화인지 참내입셍로랑의 일대기를 다룬건지남자간 동성애 얘기가 공감이 안가고예술적 역량에 대한것도 도무지 공감이 안됨뭐 이런게 다 있나?,0
바보사랑 완전 귀여움ㅋㅋㅋ김명선하고 임종혁 졸귀ㅋㅋㅋ안가연은 이쁘고 이 코너 쫌 컷으면함,1
어렸을때 재미있게 보긴 했는데 지금 다시 생각해보면 우리네 정서와 다소 안 맞는 감도 있는 영화인거 같다.,1
졸작이고파...?,0
확실히 '제임스 완' 이 감독을 맡아야 된다,0
엄마 곰 만들어놓고내 잘못 아니에요! 라니,0
무슨 마약하셨길래 이런생각을 했어요?,0
적절하다,1
좋은 소재를 후다닥 대충 액션으로 해치우다.,0
다시봐도정말최고~한번만본다는게...두번째다시보고있네..ㅠ,1
이건머 아동용...,0
설탕효과ㄱㅋ아귀여웡,1
4번째보는데도 재밌음. 장서희한테 빠져서 출현작보고있는데 중국출현작은 못구하겠네ㅜㅜ,1
와 진심 무표정으로 봄 진심 보지 마셈,0
그냥 하던거 마저 하자 응?,0
여자가한을품으면오뉴월에서리가내린다지,0
안봤으면 후회 했을듯. 아직도 가슴속에 남아있는 리얼 스토리.,1
반전집착이 낳은 사기질.,0
당신의 행성이 보장받은 것에 대해 탄복이 나올 리가?,0
아.. 진짜 대단하다. 먹먹하다 가슴이,1
독특한 스토리! 진부했던 소재 '외도'가 재미있고 스릴있게 그려진 영화.,1
비 오는 날 생각나는 이 영화 이런 사랑을 하고싶네요,1
나 자신을 돌이켜보게하고반성하게 만드는 영화,1
지우일행 새 마을 도착 -> 전설의 포켓몬 등장 -> 악당 등장 -> 족치고 해피엔딩,0
유쾌하고 기분 좋은 현대판 동화 이야기 ^^ 보는 내내 싱그럽다,1
재미쪄 ㅎㅎ신민아 짱좋음 ㅋㅋㅋㅋㅋㅋㅋ,1
어이없다........왜 만들었을까,0
캬.. 죽이네.ㅎㅎㅎ,1
더럽게 재미엇ㅂ다 진짜 이것도 후한 점수,0
진짜무서워여.ㅠㅠㅠ쨩,1
이해할려고 많이 노력했었는데.. 미안해;,0
왜 평점이 낮은지 이해가안간다 그당시에 이정도면 훌륭하다 아니 나에겐최고였다,1
제목그대로 박애가 넘치는구나. 물론 세가지 중에서.,1
OOO 영화네 ㅋㅋㅋㅋㅋ 주인공을 중국이나 한국인으로 바꾸고 일본군을 독일군으로 바꿨으면 유태인인 스필버그는 아마 뒷목잡고 누웠을거다 ㅋㅋㅋㅋㅋㅋㅋㅋ 지들 당한건 억울해서 쉰들러 리스트처럼 표현하고 다른 민족이 당한건 알바 아니라는건가???,0
지금보니 걍쓰렉 쓰레기처분해라,0
"시리즈가 거듭될수록 실망감은 더해가고,,,왜 귀환했을까 ? 그리고, 아이돌은 왜 또,,,재미도 없고, 감동도 없고,,,3탄에서 끝냈으면 좋았을것을,,,",0
연기력만. 좋은. 영화....,0
이런평점 주는건 처음... 한미디로 유치짬뽕,0
스티브 마틴 생각하고 봤다가 큰 코 다친 영화..,0
ほんとうに面白かったよ。彼女もかわいいし。,1
흠....지루하다...,0
우왕좌왕하는 정말 난해한영화.,0
완전 몰입ㅡ최고의 드라마에요?,1
전편에 만족해야 했다. 싱거운 스토리와 결말은 ....그만,0
아이로봇이랑 했깔려서 받아본영화인데 보고찡하네요 세번보셈 영화,1
정말 베스트평점처럼 더빙떄문에 제대로 볼수가 없었다. 여기서 저말 확실히 러시아와 미국의 급의차이를 느낄수 있었다,0
참 이렇게 잔잔하면서 서글픈영화 오랜만에 보네..감동적이였음,1
굿굿. 긴장감 넘치는 영화,1
와우 시걸형님 짱!,1
진짜 잼있게 봤는데.. 보면서 심장 떨리고..긴장감 넘치고 액션도 좋고.. 괴물 cg도 사실적임.,1
처음 등록해 보는 평점일정도로 강렬했다말이 필요가 없다시나리오도 너무 좋은데 캐스팅도 너무 완벽해서 몰입도가 최고였고 재미없었던 장면이 하나도 없었다공감가는 독백과 대사도 많고흠잡을 데가 하나도 없는 드라마였다여태까지 본 드라마 중 당연1위,1
그냥 있어보이는영화 하지만 아무것도없는영화 시카고처럼 흥분 눈으로나 귀로나 즐거운 장면 하나도없고 노래마다 귀도 귀도하다 끝남 ㅅㅂ,0
희망이 가득한 영화 별점10점 !!,1
스토리가 너무 억지스럽네.,0
내면에 감춰진 욕망의 몸부림..,1
평점보고 봤는데... 진짜 지루하네! 아까운 내 시간............-_- +,0
마지막부분이 좀 맥빠지고 허무하게 끝난다,0
재미없다..... .,0
"사냥철 동물들의 입장을 대변하던 1탄과 달리, 시시껄렁 내용도 교훈도 없는 이야기",0
이 영화가 벌써 10년 전이라니 ㅠㅠ,1
추억은 추억속에서 아름답다,0
북경오리를 때려잡는다는 전설적인 허풍,0
"린치와,깐느.",0
처음 알았다. 하프가 이렇게 외로운 선율이라는 것을...,1
아 .. 후속편 왜 안나올까요 ㅠ_ㅠ 보고싶은데 ..붉은 매 사랑해요 ^,1
"다양한 사랑의 방식이 있지만 우리집에 왜왔니만큼 독특한사랑의 방식은 처음본다. 두 배우가 그 독특한 감성을 정말 잘 담아냈고, 마지막 대사 '그리고...' 뒤에 특별한 뒷말없이 끝나면서 보여주던 수강의 눈빛. 잊을 수 없다. 정말 최고다..",1
지루하지 않고 80년대 군대시절을 잘 표현한 영화같다,1
주성치 영화에 오맹달 안나오면 배반 배신,0
진심 이때까지 드라마 본 것중에 가장 손에 땀을 쥐게 봤던..,1
몰입도 최강이구랴 ㅎㅎㅎ,1
9점 이상의 평점이 정상이다.,1
김민정 진짜 이쁘고 연기도 잘하는 훈녀다.,1
내용이어렵긴하지만 잼있었어요,1
"마치 부드럽게 흘러가는 강물처럼 이야기가 흘러간다, 하지만 파국은 엄청난 파도처럼 한 방에 밀려온다.",1
재미있습니다 강추 ~! ! 포스터만 좀 멋깔나게 만들었으면 좋았을텐데 ㅎ,1
저물어가는 페이크다큐의 반복패턴,0
헐 진짜 기대하고 봤는데 뭐임?? 자격도 없으면서 대리교사라고 들어가서 아무것도 안할때부터 완전 비호감.. 계속 비호감임 왜 학교 잘다니는 애들가지고 그러는건지 이해도 안되고 진짜 어후 캐릭터 완전싫어,0
모든 유럽 여자들은 다 저럴것같다. 나는 유럽에 태어났어야 했다! 무삭제가 최고다!,0
다들 알바들인가? 왜이렇게 점수가후해.. 0점주고싶은데 안되서 1점줍니다~~,0
킬리언 머피를 다시 보게 되는 작품,1
좋다,1
이런 영화 많이 보고싶은...,1
이 영화를 보며 해답을 바라는게 잘못된거 아닌가.무엇을 바라며 보는건지 모르겠는데. 정확한 답을 알려준다면 그게 흥미롭고 재미있을까? 독자들의 상상력을 자극시키는 흥미로운 소재의 영화다. 다만 아쉬운점은 이 영화때문에 4시간 밖에 못잔다는 점 ㅠㅠ,1
애절한 사랑은 인정하는데 지루한 것은 왜 일까,0
돈과힘이 만들어내는 거짓된 진실. 그 끝을 조마조마하게 기다렸다. 리차드기어의 악역변신도 놀랍다!,1
정말 어처구니업는 영화 어설픈 남여주연배우의 짱나는 티격태격을 보고 있을,0
정말재미없네요ㅡㅡ컨저링보다무섭다고하길래내심기대하고잇엇는데진짜실망이네요....그리고정말내용이답답해서못보겟네요,0
제일 문제는 클라라의 가족이라고 생각된다 아이가 유치원에 가야대는데 싸우는 부모와 친구를 불러와서 야동을 보여주는 오빠 이들이 클라라를 거짓말하게 만들었다고 생각한다.,1
에라이~ 연인이 아니라 웠인(what in? - 뭐가 있는거지)가 났다,0
볼라키니까 상영하는 영화관이 없노 완전 짱나네,0
"춤을 제대로 담아내는 것도 아니고, 로맨틱을 제대로 담아내는 것도 아니다. 차라리 뮤직비디오가 더 멋있을 정도. 보아 팬이라서 봤지만 보아의 매력도 못담아낸 영화. 내 소액결제 아까움",0
1위는 아니죠 평점 조절 ㄱㄱ,0
이적의 소설. 재미없다.,0
니콜라 펠츠 발연기 오짐. 진짜 얘는 얼굴도 완전 못생기고 발연기인데 왜 자꾸 나오지?,0
"완전재밋음 ㅋㅋㅋㅋㅋㅋㅋㅋ와 최고 ㅋㅋㅋㅋ제니퍼나온거는 다재밋어, 몸매짱임",1
쓰레기 그 자체....,0
장난감총 들고 뭐하냐,0
너무 오글거려,0
"에이단 질렌의 사이코연기 빼면 그닥 , 구성은 좋은 데 대충 만든 느낌이다",0
진짜 너무 잼있었어요.. 서변의 포스도 짱짱..,1
난 재밌게봤는데.. 다들 오ㅐ그러시나,1
많은 생각을 하게 만들어주네요,1
"후유증 한달 넘게 갔습니다,,나츠오 생각만해도 눈물이,,",1
송새벽나온다해서 봤는데..무엇을 말하고자 한 것인지....? 시간아까움,0
존나재미없어 개망해라,1
"이영화를 100배 즐기는방법은 간단하다. 약간의 세계사 지식만 있으면 된다.역사를 이해해야 영화가 한층 더 재밌어진다. 이시대 뉴욕은 종교,인종,빈곤,남북전쟁 이걸로 간단하게 요약할수있다",1
서동요 넘 재미있구요.장이는 무왕됫으면좋겠습니다.서동요만세!,1
씨네21 평론가들의 수준과 이 영화는 역시 비슷한 수준이다,0
전 오늘썜이 보여주셔서 봣는데 헌트리 (?) 넘멋있엇다능 ㅋㅋ,1
완전쓰레기영화임 그래픽 다 티남 노아 볼 시간에 목욕 하고 세 수하고 자는게남,0
오랜만에 만난 쒸레기 영화!,0
시간아까워요 보다가 그냥 끔,0
사막의 신데렐라. 세상을 향해 소리치다.,1
억지로 감동을 짜내는 영화,0
주인공 이름이 없어 ㅋㅋ,0
짧은인생~그동안고생많았습니다.. 부디 편히 쉬시길~~,1
연출과 연기가 훌륭한작품실제로 경기를보는듯한 기분이드네요,1
역사를 두고 만든 영화인데 아무리 영화라도 왜곡이 너무 심했다 영화를 잘만들기만 하면 단가? 페르시아 후손인 인도사람들 입장에선 무슨 생각이 들까? 한마디로 기본이 안된 양아치 같은 영화.,0
애들이 넘 귀엽네요 >ㅁ< 근데 더 많은 애들이 왔으면 좋겠어요 근데 별더주고 싶네요~,1
쓰레기 ... 프랑스 꺼라면 사족을 못 쓰는 인간들 ...,0
20 대가 꼭 봐야 한다 아니 난 10대 후반 친구들이 봤으면 좋겠다 성인이 되기 전에 보고 먼가 깨달음을 얻었으면 좋겠다 이해할 수 있을지는 모르겠지만 대단한 영화다 진짜 잘만들었다 강추다 강추!!,1
한마디로 먹고 먹이는 영화,0
"연기가 너무 허접들하고, 액션씬이 대단히 어색함. 진심으로 감독 누구냐",0
별로,0
이영화보고 빢쳐서 별점깍으러왓음ㅡㅡ,0
오락영화의 정수! 마이클베이는 절대 가질수 없는영역,1
"엉성, 엉성, 엉성, 그자체..",0
이은성 너무 예쁘다,1
해리포터와 더불어 유치하고 돈쓸때 없는인 간들이 지구상에 널렸다는걸 여러모로 증명하는 작품,0
감독이 누군지정말 궁금함 배경이며 캐릭터며 옛날틱하고 시간아깝고 돈 아깝고 제목만자극적이면 다인가,0
가장 손과 발에 땀을 배출시킨 영화...,1
너무 높다,0
"아 진짜 알바가댓글평점올려놧네 뒤에서보니까 알바스멜대량풍김게다가뻔한내용아오,",0
감명깊게 잘보았습니다.. 지금 이렇게 전쟁없는 평화로운 삶에 다시한번 감사함을 느끼게 해준 영화,1
오래전에 봤었는데 다시 보고 싶어지네요 ^^,1
여주 가슴에 수술자국이...,0
[4점] 뭐 하나라도 건질게 없네,0
흡인력이 있는 영화 충붆시 아름답다,1
제동생도잘보고 저4학년인데 아직도 이런유치한게 재미씀돠^^^^^^,1
홍승희역의 황선희씨~~연기가 발연기!!!특히 표정연기가 참~~안돼는군요!!! 홍승희만 나오면 어색어색~~극몰입이 떨어지네요,0
그 분의 삶을 2시간에 닮기엔 너무 짧았습니다. 하지만 참 잘봤습니다^^,1
어딜까 이 띱때야,0
영화 보는 내내 이미연의 화장한 얼굴이 너무 거슬렸고 다듬은 눈썹은 마지막장면에서 실소까지 머금게 했으나 ... 영화의 전반적인 느낌은 한국색채를 정말 유니크하게 담아낸 영화가 아닐수 없다 그시절이라면 tv문학관의 업그래이드 버전이라고 묻혀버릴영화,1
제목때문에 영화 이미지가 반감됨. 너무 재미있고 잔잔하면서 위트있는 영화.,1
원작 모독 영화.. 내시간 ㅜㅜ 로그인해서라도 못보게 말리고싶다. 만화보고 감동해서 영화찾는사람은 그냥 안보는게...,0
스토리도 탄탄하고 연기도 밀도있다. 본격 어덜트 느와르.,1
1은 내용도모르겟고 재미도없고 잔인한것도없고2는잔인하고반전때메봣다지만3는 뭐야?,0
불새 드라마를 다시 보고 문득 이은주씨 작품이 보고 싶어져서 찾던 중 이 작품은 본적이 없어 받아보았습니다. 유치할진 몰라도 생각지도 않게 간만에 힐링되는 영화네요~ 주조연 배우분들 연기 다 자연스럽게 좋고 은주씨는 볼수록 아까운 배우네요..ㅜ,1
변상국떨어지고 위블리같은애들넣더니 이젠 박시환붙이고 송희진떨어트리냐?어떻게심사위원점수가 제일높은애가 떨어져 아무리대국민문자투표가많은비율을 차지해도 이건에바야ㅋㅋㅋㅋ그리고어제변상국노래부를때눈물날뻔OO 존나탑텐떨어질때생각나서,0
밑에 3명 퀸즈 무개념팬이다,0
우연히 영화채널돌리다 보게됐는데 늦게 본게 아쉽네요 ㅎ 꿀잼꿀감동 나중에 또봐야지,1
아파하면서 먼저 떠난어머니옷붙잡을때 터져버렸다ㅠ 어머니품이그립지만 남겨질가족들을두고갈수없는 어머니도 누군가의 소중한 딸이고 가족이었다,1
진짜 재밌음 한번꼭보셈 안보고 평점1점달지말고,1
아들과 아버지의 재회와 생존 이후 아버지의 심경변화와 담배를 끝는 모습에서 감정이입되어서 정말 서럽게 울었고 마지막에 아버지가 구하러 나타났을 땐 통쾌하고 감동적이고 사랑마저 느껴졌다 구성도 완벽하고 설정하나만 가지고 스토리를 완벽하게 만들어냈다,1
남자가 봐도 매력적인 이연걸의 모습.,1
인생에게 노래가 줄 수 있는 감동을 느끼게 만들어 준 영화. 두배의 영화시간을 배정했어도 감동스럽게 볼 수 있었던 영화. 적극 추천합니다.,1
엉성하다. 평점 1점,0
그림체도 좋고 몇번봐도 재밌음 ㅎㅎ,1
규동이가 자살전에 부른 노래 뭐임?,1
